-- MySQL dump 10.13  Distrib 8.0.28, for Win64 (x86_64)
--
-- Host: localhost    Database: test
-- ------------------------------------------------------
-- Server version	8.0.28

/*!40101 SET @OLD_CHARACTER_SET_CLIENT=@@CHARACTER_SET_CLIENT */;
/*!40101 SET @OLD_CHARACTER_SET_RESULTS=@@CHARACTER_SET_RESULTS */;
/*!40101 SET @OLD_COLLATION_CONNECTION=@@COLLATION_CONNECTION */;
/*!50503 SET NAMES utf8mb4 */;
/*!40103 SET @OLD_TIME_ZONE=@@TIME_ZONE */;
/*!40103 SET TIME_ZONE='+00:00' */;
/*!40014 SET @OLD_UNIQUE_CHECKS=@@UNIQUE_CHECKS, UNIQUE_CHECKS=0 */;
/*!40014 SET @OLD_FOREIGN_KEY_CHECKS=@@FOREIGN_KEY_CHECKS, FOREIGN_KEY_CHECKS=0 */;
/*!40101 SET @OLD_SQL_MODE=@@SQL_MODE, SQL_MODE='NO_AUTO_VALUE_ON_ZERO' */;
/*!40111 SET @OLD_SQL_NOTES=@@SQL_NOTES, SQL_NOTES=0 */;

--
-- Table structure for table `aaa`
--

DROP TABLE IF EXISTS `aaa`;
/*!40101 SET @saved_cs_client     = @@character_set_client */;
/*!50503 SET character_set_client = utf8mb4 */;
CREATE TABLE `aaa` (
  `num` varchar(50) DEFAULT NULL,
  `path` varchar(50) DEFAULT NULL
) ENGINE=InnoDB DEFAULT CHARSET=utf8mb4 COLLATE=utf8mb4_0900_ai_ci;
/*!40101 SET character_set_client = @saved_cs_client */;

--
-- Dumping data for table `aaa`
--

LOCK TABLES `aaa` WRITE;
/*!40000 ALTER TABLE `aaa` DISABLE KEYS */;
INSERT INTO `aaa` VALUES ('1','img/2Q.png'),('2','img/2Q.png'),('3','img/2Q.png'),('4','img/2Q.png'),('5','img/2Q.png'),('6','img/2Q.png'),('7','img/2Q.png');
/*!40000 ALTER TABLE `aaa` ENABLE KEYS */;
UNLOCK TABLES;

--
-- Table structure for table `board`
--

DROP TABLE IF EXISTS `board`;
/*!40101 SET @saved_cs_client     = @@character_set_client */;
/*!50503 SET character_set_client = utf8mb4 */;
CREATE TABLE `board` (
  `num` int NOT NULL AUTO_INCREMENT,
  `title` varchar(50) DEFAULT NULL,
  `content` mediumtext,
  `id` varchar(20) DEFAULT NULL,
  `date` varchar(20) DEFAULT NULL,
  `time` varchar(20) DEFAULT NULL,
  `hit` int DEFAULT NULL,
  PRIMARY KEY (`num`)
) ENGINE=InnoDB AUTO_INCREMENT=18 DEFAULT CHARSET=utf8mb4 COLLATE=utf8mb4_0900_ai_ci;
/*!40101 SET character_set_client = @saved_cs_client */;

--
-- Dumping data for table `board`
--

LOCK TABLES `board` WRITE;
/*!40000 ALTER TABLE `board` DISABLE KEYS */;
INSERT INTO `board` VALUES (1,'12','122345',NULL,'2022-05-07',NULL,0),(4,'aiaksjdjdjsjsksskzkskejejsjejejejk','',NULL,'2022-05-07',NULL,0),(5,'asdd','123',NULL,'2022-05-07',NULL,1),(6,'wua','12733','','2022-05-07',NULL,0),(7,'qysya','12263','aaa','2022-05-07',NULL,0),(8,'27272','171717','aaa','2022-05-07',NULL,0),(9,'22w','22','aaa','2022-05-08',NULL,3),(10,'asdasd','1233','aaa','2022-05-09',NULL,3),(13,'ajajsjdjdjdkdjdjdjdjddorididjdjdjqqq','123','bbb','2022-05-12',NULL,18),(15,'fjfjd','dhdh','bbb','2022-05-15','19:48:19',30),(16,'wiwiw','ajsjsjdjd','ccc','2022-05-16','16:49:11',97),(17,'uuu','uwuw','ccc','2022-05-16','16:58:11',0);
/*!40000 ALTER TABLE `board` ENABLE KEYS */;
UNLOCK TABLES;

--
-- Table structure for table `board_1`
--

DROP TABLE IF EXISTS `board_1`;
/*!40101 SET @saved_cs_client     = @@character_set_client */;
/*!50503 SET character_set_client = utf8mb4 */;
CREATE TABLE `board_1` (
  `num` int NOT NULL AUTO_INCREMENT,
  `title` varchar(50) DEFAULT NULL,
  `id` varchar(20) DEFAULT NULL,
  `date` varchar(20) DEFAULT NULL,
  `time` varchar(20) DEFAULT NULL,
  PRIMARY KEY (`num`)
) ENGINE=InnoDB AUTO_INCREMENT=6 DEFAULT CHARSET=utf8mb4 COLLATE=utf8mb4_0900_ai_ci;
/*!40101 SET character_set_client = @saved_cs_client */;

--
-- Dumping data for table `board_1`
--

LOCK TABLES `board_1` WRITE;
/*!40000 ALTER TABLE `board_1` DISABLE KEYS */;
INSERT INTO `board_1` VALUES (2,'sisjdkrk','aaa','2022-05-15',NULL),(3,'ssss','aaa','2022-05-15',NULL),(4,'aiaksjdjdjsjsksskzkskejej sjejejejkskskskdkdkdkq','aaa','2022-05-15',NULL),(5,'sjsjs','bbb','2022-05-15','20:00:33');
/*!40000 ALTER TABLE `board_1` ENABLE KEYS */;
UNLOCK TABLES;

--
-- Table structure for table `hit`
--

DROP TABLE IF EXISTS `hit`;
/*!40101 SET @saved_cs_client     = @@character_set_client */;
/*!50503 SET character_set_client = utf8mb4 */;
CREATE TABLE `hit` (
  `num` int NOT NULL,
  `id` varchar(20) NOT NULL,
  `hit` varchar(50) DEFAULT NULL,
  PRIMARY KEY (`num`,`id`),
  CONSTRAINT `FK_hit_board` FOREIGN KEY (`num`) REFERENCES `board` (`num`) ON DELETE CASCADE ON UPDATE CASCADE
) ENGINE=InnoDB DEFAULT CHARSET=utf8mb4 COLLATE=utf8mb4_0900_ai_ci;
/*!40101 SET character_set_client = @saved_cs_client */;

--
-- Dumping data for table `hit`
--

LOCK TABLES `hit` WRITE;
/*!40000 ALTER TABLE `hit` DISABLE KEYS */;
INSERT INTO `hit` VALUES (5,'ccc','1'),(7,'bbb','1'),(8,'bbb','1'),(8,'ccc','1'),(9,'','1'),(9,'bbb','1'),(9,'ccc','1'),(10,'','1'),(10,'bbb','1'),(10,'ccc','1'),(13,'','1'),(13,'aaa','1'),(13,'bbb','1'),(13,'ccc','1');
/*!40000 ALTER TABLE `hit` ENABLE KEYS */;
UNLOCK TABLES;

--
-- Table structure for table `memo`
--

DROP TABLE IF EXISTS `memo`;
/*!40101 SET @saved_cs_client     = @@character_set_client */;
/*!50503 SET character_set_client = utf8mb4 */;
CREATE TABLE `memo` (
  `id` varchar(20) NOT NULL,
  `restaurant` varchar(50) NOT NULL,
  `menu` varchar(50) NOT NULL,
  `memo` mediumtext,
  PRIMARY KEY (`id`,`restaurant`,`menu`)
) ENGINE=InnoDB DEFAULT CHARSET=utf8mb4 COLLATE=utf8mb4_0900_ai_ci;
/*!40101 SET character_set_client = @saved_cs_client */;

--
-- Dumping data for table `memo`
--

LOCK TABLES `memo` WRITE;
/*!40000 ALTER TABLE `memo` DISABLE KEYS */;
INSERT INTO `memo` VALUES ('aaa','','','4456');
/*!40000 ALTER TABLE `memo` ENABLE KEYS */;
UNLOCK TABLES;

--
-- Table structure for table `menu`
--

DROP TABLE IF EXISTS `menu`;
/*!40101 SET @saved_cs_client     = @@character_set_client */;
/*!50503 SET character_set_client = utf8mb4 */;
CREATE TABLE `menu` (
  `restaurant` varchar(50) NOT NULL,
  `menu` varchar(50) NOT NULL,
  `price` varchar(50) DEFAULT NULL,
  `image` varchar(50) DEFAULT NULL,
  PRIMARY KEY (`restaurant`,`menu`),
  CONSTRAINT `FK_menu_restaurant` FOREIGN KEY (`restaurant`) REFERENCES `restaurant` (`restaurant`) ON DELETE CASCADE ON UPDATE CASCADE
) ENGINE=InnoDB DEFAULT CHARSET=utf8mb4 COLLATE=utf8mb4_0900_ai_ci;
/*!40101 SET character_set_client = @saved_cs_client */;

--
-- Dumping data for table `menu`
--

LOCK TABLES `menu` WRITE;
/*!40000 ALTER TABLE `menu` DISABLE KEYS */;
INSERT INTO `menu` VALUES ('257의정부 부대찌개','257부대찌개','8000',NULL),('257의정부 부대찌개','부대볶음','8000',NULL),('257의정부 부대찌개','의정부 부대찌개','8000',NULL),('257의정부 부대찌개','치즈김치부대찌개','8000',NULL),('257의정부 부대찌개','함박스테이크','8000',NULL),('bhc','골드킹','20000',NULL),('bhc','골드킹 순살','17000',NULL),('bhc','골드킹 콤보','20000',NULL),('bhc','골드킹(반)+뿌링치즈볼','16000',NULL),('bhc','골드킹스틱','20000',NULL),('bhc','꿀호떡','5000',NULL),('bhc','달콤바삭치즈볼','5000',NULL),('bhc','레드킹 ','19000',NULL),('bhc','레드킹 순살','20900',NULL),('bhc','레드킹 콤보','20000',NULL),('bhc','레드킹스틱','20000',NULL),('bhc','맛초킹','18000',NULL),('bhc','맛초킹 순살','20000',NULL),('bhc','맛초킹 콤보','20000',NULL),('bhc','맛초킹(반)+치즈볼','16000',NULL),('bhc','맛초킹스틱','20000',NULL),('bhc','미니콜팝','3000',NULL),('bhc','바삭클','16000',NULL),('bhc','바삭클순살','19000',NULL),('bhc','빅콜팝','11500',NULL),('bhc','빠텐더','18000',NULL),('bhc','빨간소떡','3000',NULL),('bhc','뿌링감자','4500',NULL),('bhc','뿌링맵소킹','18000',NULL),('bhc','뿌링맵소킹 순살','20000',NULL),('bhc','뿌링맵소킹 스틱','20000',NULL),('bhc','뿌링맵소킹 윙','20000',NULL),('bhc','뿌링맵소킹 콤보','20000',NULL),('bhc','뿌링멘보샤','6000',NULL),('bhc','뿌링빅콜팝','13500',NULL),('bhc','뿌링소떡','3500',NULL),('bhc','뿌링치즈볼','6000',NULL),('bhc','뿌링치즈스틱','4500',NULL),('bhc','뿌링콜팝','3500',NULL),('bhc','뿌링클','18000',NULL),('bhc','뿌링클 콤보','20000',NULL),('bhc','뿌링클 핫','19000',NULL),('bhc','뿌링클(반)+치즈볼','16500',NULL),('bhc','뿌링클순살','20000',NULL),('bhc','뿌링클스틱','20000',NULL),('bhc','뿌링클핫순살','20900',NULL),('bhc','뿌링핫도그','5500',NULL),('bhc','싸이순살','20900',NULL),('bhc','양념맵소킹','18000',NULL),('bhc','양념맵소킹 순살','20000',NULL),('bhc','양념맵소킹 스틱','20000',NULL),('bhc','양념맵소킹 윙','20000',NULL),('bhc','양념맵소킹 콤보','20000',NULL),('bhc','왕콜팝','4500',NULL),('bhc','커리퀸','18000',NULL),('bhc','커리퀸 순살','20000',NULL),('bhc','케이준프라이','3500',NULL),('bhc','콜팝치킨','3000',NULL),('bhc','펌치킨','18000',NULL),('bhc','포테킹 콤보','20500',NULL),('bhc','포테킹 후라이드','19000',NULL),('bhc','하바네로 포테킹 후라이드','20000',NULL),('bhc','해바라기 핫후라이드','18000',NULL),('bhc','해바라기 후라이드','17000',NULL),('bhc','후라이드 콤보','20000',NULL),('bhc','후라이드(반)+뿌링치즈볼','16000',NULL),('bhc','후라이드스틱','20000',NULL),('rest1','1','1000','img/2Q.png'),('rest1','2','2000','img/2Q.png'),('rest1','3','1000','img/2Q.png'),('rest1','4','6000','img/2Q.png'),('rest1','5','6000','img/2Q.png'),('rest1','6','3000','img/2Q.png'),('rest1','7','3000','img/2Q.png'),('via 246','까르보나라','12000',NULL),('via 246','루꼴라 파스타','10000',NULL),('via 246','봉골레','12000',NULL),('via 246','새우크림파스타','12000',NULL),('via 246','아마트리치아나','12000',NULL),('via 246','알리오올리오','11000',NULL),('via 246','치킨크림리조또','12000',NULL),('via 246','카프레제 샐러드','7000',NULL),('via 246','해산물토마토리조또 ','13000',NULL),('via 246','해산물토마토파스타','13000',NULL),('via 246','후레쉬모짜렐라파스타','12000',NULL),('가츠야','김치나베우동','6000',NULL),('가츠야','꼬치어묵우동','5500',NULL),('가츠야','로그카츠 정식','9000',NULL),('가츠야','로스카츠','8000',NULL),('가츠야','마끼초밥','3500',NULL),('가츠야','마끼초밥 정식','4500',NULL),('가츠야','반반카츠','9000',NULL),('가츠야','반반카츠 정식','10000',NULL),('가츠야','생선카츠','8500',NULL),('가츠야','생선카츠 정식','9500',NULL),('가츠야','알밥','7000',NULL),('가츠야','알밥 정식','8000',NULL),('가츠야','우동','5000',NULL),('가츠야','유부초밥','4000',NULL),('가츠야','유부초밥 정식','5000',NULL),('가츠야','치즈김치알밥','7500',NULL),('가츠야','치즈김치알밥 정식','8500',NULL),('가츠야','치즈돈카츠','9500',NULL),('가츠야','치즈돈카츠 정식','10500',NULL),('가츠야','치킨카츠','8000',NULL),('가츠야','치킨카츠 정식','9000',NULL),('가츠야','카레돈카츠','9000',NULL),('가츠야','카레돈카츠 정식','10000',NULL),('가츠야','판모밀','7000',NULL),('가츠야','회덮밥','8500',NULL),('가츠야','회덮밥 정식','9500',NULL),('가츠야','히레카츠','9900',NULL),('가츠야','히레카츠 정식','10000',NULL),('감초식당','갈비탕','7000',NULL),('감초식당','김치전골','18000',NULL),('감초식당','김치찌개','6000',NULL),('감초식당','낚지볶음','10000',NULL),('감초식당','닭볶음탕','30000',NULL),('감초식당','돌솥비빔밥 or 양푼비빔밥 ','7000',NULL),('감초식당','된장찌개 ','6000',NULL),('감초식당','두부계란구이','10000',NULL),('감초식당','두부조림 ','13000',NULL),('감초식당','뚝배기불고기','7000',NULL),('감초식당','모두부 ','6000',NULL),('감초식당','부대찌개','14000',NULL),('감초식당','북어찜백반','7000',NULL),('감초식당','생삼겹살 100g ','12000',NULL),('감초식당','순두부찌개','6000',NULL),('감초식당','오징어볶음 or 덮밥 ','8000',NULL),('감초식당','육개장','7000',NULL),('감초식당','제육볶음 or 덮밥','7000',NULL),('감초식당','참게장백반 ','12000',NULL),('감초식당','참치김치찌개','6000',NULL),('겐코','게살크림코로케','6000',NULL),('겐코','규동L','10500',NULL),('겐코','규동M','8500',NULL),('겐코','대왕새우튀김','6000',NULL),('겐코','대창L','14000',NULL),('겐코','대창덮밥M','10000',NULL),('겐코','돈코츠라멘L','9500',NULL),('겐코','돈코츠라멘M','8500',NULL),('겐코','미소라멘L','9500',NULL),('겐코','미소라멘M','8500',NULL),('겐코','부타동L','8500',NULL),('겐코','부타동M','7500',NULL),('겐코','새우장동L','12000',NULL),('겐코','새우장동M','8500',NULL),('겐코','소유라멘L','9500',NULL),('겐코','소유라멘M','8500',NULL),('겐코','스테이크L','14000',NULL),('겐코','스테이크M','9500',NULL),('겐코','시오버터라멘L','9500',NULL),('겐코','시오버터라멘M','8500',NULL),('겐코','연어덮밥L','14000',NULL),('겐코','연어덮밥M','9000',NULL),('겐코','연어사시미','12000',NULL),('겐코','연어장동L','14500',NULL),('겐코','연어장동M','9500',NULL),('겐코','육회동L','12000',NULL),('겐코','육회동M','7500',NULL),('겐코','차슈동L','8500',NULL),('겐코','차슈동M','7500',NULL),('겐코','차슈라멘L','10000',NULL),('겐코','차슈라멘M','9000',NULL),('겐코','치킨가라아게','6000',NULL),('국수미가','멸치국수','7000',NULL),('국수미가','바지락칼국수','8000',NULL),('국수미가','비빔국수','7000',NULL),('국수미가','산채비빔밥','9000',NULL),('국수미가','얼큰칼국수','8000',NULL),('국수미가','열무국수(계절메뉴)','8000',NULL),('국수미가','열무비빔밥(계절메뉴)','7000',NULL),('국수미가','콩국수(계절메뉴)','9000',NULL),('국수미가','콩나물해장국','6000',NULL),('국수미가','팥칼국수','10000',NULL),('귀한족발','반반족발(중)','34000',NULL),('귀한족발','보불세트(중)','34000',NULL),('귀한족발','보쌈(대)','31000',NULL),('귀한족발','보쌈(중)','27000',NULL),('귀한족발','불보쌈세트(중)','34000',NULL),('귀한족발','족발(대)','31000',NULL),('귀한족발','족발(중)','27000',NULL),('귀한족발','족보세트(중)','34000',NULL),('귀한족발','통불족발(중)','33000',NULL),('글고만식당','닭볶음탕','25000',NULL),('글고만식당','돼지김치찜','20000',NULL),('글고만식당','물총조개탕','17000',NULL),('글고만식당','연어사시미','25000',NULL),('글고만식당','오징어볶음','21000',NULL),('글고만식당','육사시미','18000',NULL),('글고만식당','이탈리안돈까스','18000',NULL),('글고만식당','크림파스타','18000',NULL),('글고만식당','후라이드치킨','17000',NULL),('금성반점','가지덮밥','7000',NULL),('금성반점','고급양갈비','24000',NULL),('금성반점','대하','13000',NULL),('금성반점','마파두부덮밥','7000',NULL),('금성반점','새우볶음밥','6000',NULL),('금성반점','생양꼬치','13000',NULL),('금성반점','양갈비살','15000',NULL),('금성반점','양고기덮밥','10000',NULL),('금성반점','양고기마라탕','10000',NULL),('금성반점','양꼬치','13000',NULL),('금성반점','양목심','20000',NULL),('금성반점','어향육사덮밥','8000',NULL),('금성반점','옥수수면','7000',NULL),('금성반점','잡채덮밥','7000',NULL),('노브랜드버거','NBB시그니처','3700',NULL),('노브랜드버거','NBB시그니처 세트','5600',NULL),('노브랜드버거','NBB어메이징','5000',NULL),('노브랜드버거','NBB어메이징 세트','6800',NULL),('노브랜드버거','NBB오리지널','2900',NULL),('노브랜드버거','NBB오리지널 세트','4900',NULL),('노브랜드버거','NBB치킨너겟','2600',NULL),('노브랜드버거','갈릭앤갈릭','2900',NULL),('노브랜드버거','갈릭앤갈릭 세트','4900',NULL),('노브랜드버거','감자튀김 L','2100',NULL),('노브랜드버거','감자튀김 M','1600',NULL),('노브랜드버거','그린샐러드','3300',NULL),('노브랜드버거','그린샐러드 콤보','4600',NULL),('노브랜드버거','그릴드불고기','2200',NULL),('노브랜드버거','그릴드불고기 세트','4200',NULL),('노브랜드버거','데리마요','2900',NULL),('노브랜드버거','데리마요 세트','4900',NULL),('노브랜드버거','메가바이트','4300',NULL),('노브랜드버거','메가바이트 세트','6200',NULL),('노브랜드버거','미트마니아','5400',NULL),('노브랜드버거','미트마니아 세트','7200',NULL),('노브랜드버거','산체스','3800',NULL),('노브랜드버거','산체스 세트','5800',NULL),('노브랜드버거','상하이핑거포트 라지','15000',NULL),('노브랜드버거','상하이핑거포트 스몰','4200',NULL),('노브랜드버거','슈가버터프라이','2600',NULL),('노브랜드버거','스리라차치킨','4000',NULL),('노브랜드버거','스리라차치킨 세트','6000',NULL),('노브랜드버거','스모키살사','3500',NULL),('노브랜드버거','스모키살사 세트','5400',NULL),('노브랜드버거','어니언도넛','2600',NULL),('노브랜드버거','인절미치즈볼','2900',NULL),('노브랜드버거','치킨시저샐러드','3800',NULL),('노브랜드버거','치킨시저샐러드 콤보','5100',NULL),('노브랜드버거','코울슬로치킨','3900',NULL),('노브랜드버거','코울슬로치킨 세트','5900',NULL),('노브랜드버거','크런치 윙 (2p)','2700',NULL),('노브랜드버거','크런치 윙 (4p)','5200',NULL),('노브랜드버거','페퍼로니','4200',NULL),('노브랜드버거','페퍼로니 세트','6100',NULL),('노브랜드버거','페퍼로니 치아바타 ','4900',NULL),('노브랜드버거','페퍼로니 치아바타 콤보','6100',NULL),('노브랜드버거','페퍼로니치킨','4300',NULL),('노브랜드버거','페퍼로니치킨 세트','6200',NULL),('도모다찌','가이바시라 버터구이','15000',NULL),('도모다찌','계란찜','5000',NULL),('도모다찌','꼬치구이','10000',NULL),('도모다찌','노가리구이','10000',NULL),('도모다찌','단호박 해물찜','16000',NULL),('도모다찌','닭날개 구이','7000',NULL),('도모다찌','돼지고기야채 볶음','9000',NULL),('도모다찌','마구로야끼 샐러드','13000',NULL),('도모다찌','메로 소금구이','19000',NULL),('도모다찌','모단야끼','15000',NULL),('도모다찌','모듬생선구이','12000',NULL),('도모다찌','미친불닭','12000',NULL),('도모다찌','버섯구이','10000',NULL),('도모다찌','새우구이','15000',NULL),('도모다찌','소고기야채볶음','9000',NULL),('도모다찌','소시지 구이','12000',NULL),('도모다찌','스테이크','15000',NULL),('도모다찌','시사모 구이','9000',NULL),('도모다찌','알탕','12000',NULL),('도모다찌','야끼메시','5000',NULL),('도모다찌','야끼우동','5000',NULL),('도모다찌','연어 스테이크','15000',NULL),('도모다찌','연어훈제 샐러드','15000',NULL),('도모다찌','오뎅탕','6000',NULL),('도모다찌','오코노미야키','15000',NULL),('도모다찌','우나기야끼','22000',NULL),('도모다찌','우동','5000',NULL),('도모다찌','유동 골뱅이','12000',NULL),('도모다찌','은행','10000',NULL),('도모다찌','조개탕','9000',NULL),('도모다찌','참치회','9000',NULL),('도모다찌','치즈계란말이','5000',NULL),('도모다찌','타코 와사비','10000',NULL),('도모다찌','한치구이','12000',NULL),('돈돈이네','김치찜(대)','30000',NULL),('돈돈이네','김치찜(중)','25000',NULL),('돈돈이네','낙지볶음','30000',NULL),('돈돈이네','냉면','7000',NULL),('돈돈이네','돼지불백','8000',NULL),('돈돈이네','돼지불백(특)','12000',NULL),('돈돈이네','등갈비찜(대)','35000',NULL),('돈돈이네','등갈비찜(중)','25000',NULL),('돈돈이네','부대찌개','8000',NULL),('돈돈이네','수육(대)','28000',NULL),('돈돈이네','수육(중)','23000',NULL),('돈돈이네','열무국수','7000',NULL),('돈돈이네','쭈삼볶음(대)','30000',NULL),('돈돈이네','쭈삼볶음(중)','25000',NULL),('돈돈이네','해물전','13000',NULL),('등촌샤브칼국수','2인세트(버섯매운탕칼국수2+소고기샤브160g)','24000',NULL),('등촌샤브칼국수','3인세트(버섯매운탕칼국수3+소고기샤브240g)','36000',NULL),('등촌샤브칼국수','4인세트(버섯매운탕칼국수4+소고기샤브320g)','48000',NULL),('등촌샤브칼국수','물만두','5000',NULL),('등촌샤브칼국수','바지락칼국수','8000',NULL),('등촌샤브칼국수','버섯매운탕칼국수','9000',NULL),('등촌샤브칼국수','해물파전','15000',NULL),('마라킹마라탕','꿔바로우 ','10000',NULL),('마라킹마라탕','마라룽샤','35000',NULL),('마라킹마라탕','마라샹궈 100g','3000',NULL),('마라킹마라탕','마라탕 100g','1500',NULL),('마라킹마라탕','멘보샤','8000',NULL),('마라킹마라탕','쇼룽뽀우','7000',NULL),('만나고쪽갈비','김치찌개(2~3인분)','14000',NULL),('만나고쪽갈비','김치찌개(4~5인분)','21000',NULL),('만나고쪽갈비','떡갈비','9000',NULL),('만나고쪽갈비','마늘쪽갈비','15000',NULL),('만나고쪽갈비','매운갈비찜','26000',NULL),('만나고쪽갈비','양념쪽갈비','15000',NULL),('만나고쪽갈비','오돌스타주먹밥','6000',NULL),('만나고쪽갈비','쪽갈비','14000',NULL),('만나고쪽갈비','참치주먹밥','4000',NULL),('만나고쪽갈비','치즈등갈비','14000',NULL),('맘스터치 동서울대점','간장마늘떡강정(싱글)','3500',NULL),('맘스터치 동서울대점','간장마늘치킨(하프)','9000',NULL),('맘스터치 동서울대점','닭강정트리오','10900',NULL),('맘스터치 동서울대점','디럭스 불고기버거(단품)','4000',NULL),('맘스터치 동서울대점','딥치즈버거(단품)','4000',NULL),('맘스터치 동서울대점','리샐버거','4200',NULL),('맘스터치 동서울대점','맘스양념치킨(하프)','9000',NULL),('맘스터치 동서울대점','반반치킨','16000',NULL),('맘스터치 동서울대점','불갈비치킨버거','2900',NULL),('맘스터치 동서울대점','불고기버거(단품)','3000',NULL),('맘스터치 동서울대점','불싸이버거(단품)','3900',NULL),('맘스터치 동서울대점','싸이버거(단품)','3800',NULL),('맘스터치 동서울대점','언빌리버블버거(단품)','5100',NULL),('맘스터치 동서울대점','에그불고기 버거(단품)','3500',NULL),('맘스터치 동서울대점','인크레더블버거(단품)','4900',NULL),('맘스터치 동서울대점','치즈베이컨 버거(단품)','4500',NULL),('맘스터치 동서울대점','치즈뿌치(하프)','9000',NULL),('맘스터치 동서울대점','치파오떡강정(싱글)','3900',NULL),('맘스터치 동서울대점','치파오치킨(하프)','9000',NULL),('맘스터치 동서울대점','케이준떡강정(싱글)','3500',NULL),('맘스터치 동서울대점','통새우버거(단품)','2900',NULL),('맘스터치 동서울대점','할라피뇨통살버거(단품)','3900',NULL),('맘스터치 동서울대점','핫플러스통살','4200',NULL),('맘스터치 동서울대점','햄치즈 휠렛버거(단품)','3900',NULL),('맘스터치 동서울대점','화이트갈릭버거(단품)','4100',NULL),('맘스터치 동서울대점','후라이드치킨(하프)','8000',NULL),('맘스터치 동서울대점','휠렛버거(단품)','3600',NULL),('몽둥이부리또','감자튀김','1500',NULL),('몽둥이부리또','새우튀김 & 감튀','4500',NULL),('몽둥이부리또','새우튀김 4마리','3500',NULL),('몽둥이부리또','소고기감자','5500',NULL),('몽둥이부리또','소고기라이스','5000',NULL),('몽둥이부리또','소시지감자','4500',NULL),('몽둥이부리또','수세소시지','2500',NULL),('몽둥이부리또','치킨감자','4500',NULL),('몽둥이부리또','치킨라이스','4000',NULL),('몽둥이부리또','훈제치킨감자','5500',NULL),('몽둥이부리또','훈제치킨라이스','5000',NULL),('민속식당','가정식백반','7000',NULL),('민속식당','간장제육볶음+순두부','18000',NULL),('민속식당','갈치조림','20000',NULL),('민속식당','김치주물럭+순두부','18000',NULL),('민속식당','김치찌개','7000',NULL),('민속식당','꽁치찌개','14000',NULL),('민속식당','닭볶음탕','30000',NULL),('민속식당','동태찌개','20000',NULL),('민속식당','된장찌개','7000',NULL),('민속식당','삼겹살','12000',NULL),('민속식당','순두부','7000',NULL),('민속식당','오삼볶음+순두부','20000',NULL),('민속식당','오징어볶음+순두부','20000',NULL),('민속식당','제육볶음+순두부','18000',NULL),('민속식당','청국장','7000',NULL),('밥은화','돼지숙주덮밥','5000',NULL),('밥은화','스팸마요덮밥','4000',NULL),('밥은화','제육덮밥','5000',NULL),('밥은화','쭈꾸미숙주덮밥','5000',NULL),('밥은화','참치마요덮밥','4000',NULL),('밥은화','치킨마요덮밥','5000',NULL),('밥은화','황태숙주덮밥','6000',NULL),('백채김치찌개 복정점','국내산 돼지고기 김치찌개(1인분)','8500',NULL),('백채김치찌개 복정점','국내산 햄+한돈 김치찌개(1인분)','8500',NULL),('백채김치찌개 복정점','부대김치찌개(1인분)','8500',NULL),('백채김치찌개 복정점','치즈달걀말이','7500',NULL),('백채김치찌개 복정점','통돼지 두루치기(2인분)','20000',NULL),('백채김치찌개 복정점','햄구이','6500',NULL),('복정고을','갈비김치찜 ','7000',NULL),('복정고을','고을김치찌개 ','6000',NULL),('복정고을','낙지 &수육 ','45000',NULL),('복정고을','낙지 코다리찜','55000',NULL),('복정고을','낙지볶음','20000',NULL),('복정고을','낙지볶음정식 ','8000',NULL),('복정고을','등갈비 김치찜','25000',NULL),('복정고을','보쌈 ','28000',NULL),('복정고을','제육볶음정식','7000',NULL),('복정고을','쭈삼볶음 ','25000',NULL),('복정고을','코다리찜 ','35000',NULL),('복정랍스터','대구탕 - 점심메뉴','9000',NULL),('복정랍스터','랍스터','싯가',NULL),('복정랍스터','모듬회(대)','120000',NULL),('복정랍스터','모듬회(소)','80000',NULL),('복정랍스터','모듬회(중)','100000',NULL),('복정랍스터','물회 - 점심메뉴','10000',NULL),('복정랍스터','스페셜 코스','55000',NULL),('복정랍스터','알밥 - 점심메뉴','7000',NULL),('복정랍스터','알탕 - 점심메뉴','8000',NULL),('복정랍스터','초밥 - 점심메뉴','15000',NULL),('복정랍스터','활어우럭탕 - 점심메뉴','10000',NULL),('복정랍스터','활어코스 - 저녁 특정식','35000',NULL),('복정랍스터','회덮밥 - 점심메뉴','8000',NULL),('복정랍스터','회덮밥(특) - 점심메뉴','10000',NULL),('복정랍스터','회정식 - 점심메뉴','25000',NULL),('복정식당','골뱅이무침','15000',NULL),('복정식당','김치찌개','7000',NULL),('복정식당','닭도리탕','20000',NULL),('복정식당','삼겹살[200g]','13000',NULL),('복정식당','생고기두부찌개','7000',NULL),('복정식당','얼짱찌개','10000',NULL),('복정식당','오삼불고기','7000',NULL),('복정식당','옻닭(백숙)','예약',NULL),('복정식당','제육볶음','7000',NULL),('복정식당','차돌박이구이[200g]','17000',NULL),('복정식당','청국장','7000',NULL),('본도시락','갈릭 새우 샐러드','10900',NULL),('본도시락','곤드레밥불고기\n 한상','13400',NULL),('본도시락','광양식바싹불고기\n 반상','8200',NULL),('본도시락','궁중 전복소갈비찜\n 한정식','28900',NULL),('본도시락','궁중떡갈비 반상','7400',NULL),('본도시락','낙지버섯불고기\n 한상','16400',NULL),('본도시락','닭강정','7500',NULL),('본도시락','로제떡볶이','6400',NULL),('본도시락','리코타 치즈 샐러드','9900',NULL),('본도시락','매콤오징어볶음 반상','9600',NULL),('본도시락','묵은지두부찌개','8100',NULL),('본도시락','바싹 불고기 샐러드','9500',NULL),('본도시락','바싹불고기닭구이\n 한상','11400',NULL),('본도시락','바싹불고기오징어\n 한상','12400',NULL),('본도시락','바싹불고기제육\n 한상','10400',NULL),('본도시락','버섯소불고기 반상','8900',NULL),('본도시락','베지 샐러드','8900',NULL),('본도시락','봄냉이된장\n제육덮밥','5900',NULL),('본도시락','봄냉이우삼겹\n된장찌개','8900',NULL),('본도시락','부추제육볶음 반상','8400',NULL),('본도시락','수비드 닭가슴살\n 샐러드','10400',NULL),('본도시락','수작돈까스 반상','8600',NULL),('본도시락','스팸 김치볶음밥','5800',NULL),('본도시락','얼큰소고기\n가마솥국밥','8400',NULL),('본도시락','여수꼬막불고기\n 반상','9400',NULL),('본도시락','오리구이 샐러드','11000',NULL),('본도시락','우렁강된장삼겹쌈밥\n 한상','14900',NULL),('본도시락','일품 낙지불고기\n 한정식','20900',NULL),('본도시락','잘차린 생일상','22000',NULL),('본도시락','주꾸미꽈리닭\n 한상','14400',NULL),('본도시락','주꾸미볶음삼겹살\n 한상','15900',NULL),('본도시락','춘천식닭구이 반상','8400',NULL),('본도시락','치킨마요','5200',NULL),('본도시락','특선LA갈비구이\n 한정식','24900',NULL),('본도시락','핫윙콤보','8200',NULL),('봉구통닭','1978양념','15900',NULL),('봉구통닭','7곡후라이드','14900',NULL),('봉구통닭','골드치즈킹','16900',NULL),('봉구통닭','단짠애간장','16900',NULL),('봉구통닭','대한꿀마늘','16900',NULL),('봉구통닭','디진닭','16900',NULL),('봉구통닭','리얼찐고추','16900',NULL),('봉구통닭','순살변경','1000',NULL),('봉구통닭','진미핫바베큐','16900',NULL),('봉구통닭','푸팟퐁커리닭','16900',NULL),('북경성반점','계란부추볶음, 토마토','13000',NULL),('북경성반점','당면잡채','12000',NULL),('북경성반점','당면잡채덮밥','7000',NULL),('북경성반점','동파육','20000',NULL),('북경성반점','라즈지','20000',NULL),('북경성반점','마파두부','10000',NULL),('북경성반점','볶음밥','6000',NULL),('북경성반점','사천깐풍기','20000',NULL),('북경성반점','사천닭','18000',NULL),('북경성반점','오징어덮밥','8000',NULL),('북경성반점','위썅러으쓰','16000',NULL),('북경성반점','쟝치에즈','14000',NULL),('북경성반점','제육덮밥','7000',NULL),('북경성반점','짜장면','7000',NULL),('북경성반점','짬뽕','7000',NULL),('북경성반점','팔보채','20000',NULL),('북경성반점','해물누룽지','15000',NULL),('북경성반점','해삼','28000',NULL),('뿅의전설','게살볶음밥','10000',NULL),('뿅의전설','고추잡채','26000',NULL),('뿅의전설','고추잡채밥','10000',NULL),('뿅의전설','굴짬뽕','12000',NULL),('뿅의전설','깐풍기','23000',NULL),('뿅의전설','깐풍중새우','31000',NULL),('뿅의전설','볶음밥','9000',NULL),('뿅의전설','부자짬뽕','9000',NULL),('뿅의전설','양장피','26000',NULL),('뿅의전설','우삼겹짬뽕','12000',NULL),('뿅의전설','유린기','23000',NULL),('뿅의전설','유산슬','29000',NULL),('뿅의전설','유산슬밥','16000',NULL),('뿅의전설','잡채밥','10000',NULL),('뿅의전설','쟁반짜장','9000',NULL),('뿅의전설','쟁반짜장(보통)','9000',NULL),('뿅의전설','짜장','7000',NULL),('뿅의전설','치즈토마토볶음짬뽕','12000',NULL),('뿅의전설','칠리중새우','31000',NULL),('뿅의전설','크림중새우','31000',NULL),('뿅의전설','크림짬뽕','11000',NULL),('뿅의전설','탕수육(소)','18000',NULL),('뿅의전설','팔보채','29000',NULL),('생선한마리','가자미 철판구이','8000',NULL),('생선한마리','갈치 조림','9000',NULL),('생선한마리','갈치 철판구이','9000',NULL),('생선한마리','고등어 조림','9000',NULL),('생선한마리','고등어 철판구이','8000',NULL),('생선한마리','김치찌개','6000',NULL),('생선한마리','꽁치 철판구이','7000',NULL),('생선한마리','닭볶음탕','25000',NULL),('생선한마리','동태탕','8000',NULL),('생선한마리','된장찌개','6000',NULL),('생선한마리','삼치 직화구이','20000',NULL),('생선한마리','생선모둠구이(대)','37000',NULL),('생선한마리','생선모둠구이(중)','27000',NULL),('생선한마리','순두부찌개','6000',NULL),('생선한마리','알탕','8000',NULL),('생선한마리','오징어 볶음','18000',NULL),('생선한마리','이면수 철판구이','20000',NULL),('생선한마리','제육볶음','16000',NULL),('생선한마리','해물 코다리찜','18000',NULL),('생선한마리','해물알탕','9000',NULL),('생태한마리&생돼지김치찌개','동태탕(2인분)','10000',NULL),('생태한마리&생돼지김치찌개','생돼지김치찌개','8000',NULL),('생태한마리&생돼지김치찌개','생태탕(2인분)','29000',NULL),('생태한마리&생돼지김치찌개','코다리찜(2인분)','40000',NULL),('생태한마리&생돼지김치찌개','해물탕(2인분)','27000',NULL),('서경꼬마김밥','A세트(기본꼬마3줄+스팸꼬마2줄+매운오뎅2줄)','5700',NULL),('서경꼬마김밥','B세트(기본꼬마5줄+스팸꼬마1줄+매운오뎅1줄)','5500',NULL),('서경꼬마김밥','국물떡볶이','3900',NULL),('서경꼬마김밥','김치볶음밥','5000',NULL),('서경꼬마김밥','매운오뎅꼬마김밥(5줄)','4500',NULL),('서경꼬마김밥','물냉면, 비빔냉면','5000',NULL),('서경꼬마김밥','불고기볶음밥','5500',NULL),('서경꼬마김밥','새우볶음밥','5000',NULL),('서경꼬마김밥','서경꼬마김밥(5줄)','3900',NULL),('서경꼬마김밥','스팸꼬마김밥(5줄)','4500',NULL),('서경꼬마김밥','스팸컵밥','4000',NULL),('서경꼬마김밥','어묵탕','4500',NULL),('서경꼬마김밥','쫄면','5000',NULL),('서경꼬마김밥','참치마요꼬마김밥(5줄)','5000',NULL),('서경꼬마김밥','참치컵밥','4000',NULL),('서경꼬마김밥','치즈꼬마김밥(5줄)','5000',NULL),('서경꼬마김밥','햄야채볶음밥','5000',NULL),('서정가야밀면','동절기메뉴떡만두국','7000',NULL),('서정가야밀면','동절기메뉴오뎅가락국수','6500',NULL),('서정가야밀면','만두한판(4개)','5000',NULL),('서정가야밀면','물밀면','7500',NULL),('서정가야밀면','물밀면곱배기','8500',NULL),('서정가야밀면','비빔밀면','7500',NULL),('서정가야밀면','비빔밀면곱배기','8500',NULL),('소미랑','고추전','15000',NULL),('소미랑','굴전','16000',NULL),('소미랑','김치전','10000',NULL),('소미랑','깻잎전','18000',NULL),('소미랑','녹두전','15000',NULL),('소미랑','동태전','15000',NULL),('소미랑','두부김치','10000',NULL),('소미랑','메밀전병','13000',NULL),('소미랑','모듬전','20000',NULL),('소미랑','부추전','11000',NULL),('소미랑','완자전','15000',NULL),('소미랑','잔치국수','4000',NULL),('소미랑','해물김치전','12000',NULL),('소미랑','해물파전','18000',NULL),('소미랑','호박전','12000',NULL),('솥뚜껑파전','골뱅이무침','17000',NULL),('솥뚜껑파전','낙지국물떡볶이','18000',NULL),('솥뚜껑파전','솥뚜껑해물김치파전','16000',NULL),('솥뚜껑파전','오삼불고기','16000',NULL),('솥뚜껑파전','우삼겹국물떡볶이','16000',NULL),('수국집','날치알밥','7000',NULL),('수국집','삼겹살김치볶음밥','7000',NULL),('수국집','소고기국밥','6000',NULL),('수국집','손수제비','6000',NULL),('스타동','가라아게동','7900',NULL),('스타동','가라아케카레동','8500',NULL),('스타동','규동','7400',NULL),('스타동','규사케동','8900',NULL),('스타동','규아나고동','13900',NULL),('스타동','규카레','7400',NULL),('스타동','김치우동','5900',NULL),('스타동','김치카츠동','7500',NULL),('스타동','낫또동','5900',NULL),('스타동','냉소바','5900',NULL),('스타동','더블사케동','12900',NULL),('스타동','매운규동','8500',NULL),('스타동','매운육회','9900',NULL),('스타동','매운육회동','8900',NULL),('스타동','매운카츠동','7900',NULL),('스타동','믹스카레동','8900',NULL),('스타동','믹스카츠동','7400',NULL),('스타동','빵왕새우','2000',NULL),('스타동','사케낫또동','11900',NULL),('스타동','사케동','7900',NULL),('스타동','사케아나고동','13900',NULL),('스타동','소고기우동','6900',NULL),('스타동','아나고동','10900',NULL),('스타동','아부리사케동','8900',NULL),('스타동','에비동','6900',NULL),('스타동','에비아나고동','13900',NULL),('스타동','연여사시미','9900',NULL),('스타동','오뎅우동','5900',NULL),('스타동','유부우동','4900',NULL),('스타동','육사동','12900',NULL),('스타동','육회','8900',NULL),('스타동','육회동','7900',NULL),('스타동','치즈카츠동','7400',NULL),('스타동','카레우동','8900',NULL),('스타동','카츠가라아게동','7900',NULL),('스타동','카츠동','6900',NULL),('스타동','카츠동곱배기','7900',NULL),('스타동','카츠카레','7400',NULL),('스타동','투동','8900',NULL),('스타동','투카레동','8900',NULL),('스파게티올리브','김치베이컨필라프','9500',NULL),('스파게티올리브','까르보나라','7000',NULL),('스파게티올리브','날치알도리아','7000',NULL),('스파게티올리브','날치알올리오','7000',NULL),('스파게티올리브','날치알크림칠리','7500',NULL),('스파게티올리브','닭가슴살샐러드','6000',NULL),('스파게티올리브','리코타닭가슴살샐러드','7500',NULL),('스파게티올리브','리코타샐러드','5500',NULL),('스파게티올리브','매운까르보나라','7000',NULL),('스파게티올리브','매운크림오븐','7500',NULL),('스파게티올리브','목살필라프','7000',NULL),('스파게티올리브','봉골레','7000',NULL),('스파게티올리브','새우도리아','7000',NULL),('스파게티올리브','새우올리오','7500',NULL),('스파게티올리브','스테이크크림스파게티','8500',NULL),('스파게티올리브','아마트리치나(매운맛)','6500',NULL),('스파게티올리브','알리오올리오','6000',NULL),('스파게티올리브','치킨도리아','7000',NULL),('스파게티올리브','크림양송이','6500',NULL),('스파게티올리브','크림치즈오븐','7500',NULL),('스파게티올리브','크림치킨','7500',NULL),('스파게티올리브','크림해물','7500',NULL),('스파게티올리브','토마토 치킨 스파게티','6500',NULL),('스파게티올리브','토마토스파게티','5500',NULL),('스파게티올리브','토마토짬뽕(매운맛)','7500',NULL),('스파게티올리브','토마토치즈오븐','6500',NULL),('스파게티올리브','하우스샐러드','3500',NULL),('스파게티올리브','해물스파게티','7500',NULL),('신의한컵','Noodle','4200',NULL),('신의한컵','Rice','4200',NULL),('신의한컵','김치고기마요','4200',NULL),('신의한컵','만두국','2800',NULL),('신의한컵','불고기마요','4200',NULL),('신의한컵','불고기알밥','4800',NULL),('신의한컵','불닭마요','4200',NULL),('신의한컵','비빔만두','3800',NULL),('신의한컵','새싹김치','4400',NULL),('신의한컵','새싹불고기','4400',NULL),('신의한컵','새싹불닭','4400',NULL),('신의한컵','새싹제육','4400',NULL),('신의한컵','제육알밥','4800',NULL),('신의한컵','참치김치/참치마요','4200',NULL),('신의한컵','참치알밥','4800',NULL),('싱싱회천국','감성돔','50000',NULL),('싱싱회천국','개불','15000',NULL),('싱싱회천국','광어(소)','15000',NULL),('싱싱회천국','광어(중)','26000',NULL),('싱싱회천국','광어+도다리','28000',NULL),('싱싱회천국','광어+숭어','26000',NULL),('싱싱회천국','광어+연어','28000',NULL),('싱싱회천국','광어+우럭','26000',NULL),('싱싱회천국','광어+우럭+도다리','34000',NULL),('싱싱회천국','광어+우럭+숭어','34000',NULL),('싱싱회천국','광어+우럭+연어','34000',NULL),('싱싱회천국','광어+줄돔','30000',NULL),('싱싱회천국','농어','49000',NULL),('싱싱회천국','도다리','35000',NULL),('싱싱회천국','도미','49000',NULL),('싱싱회천국','매운탕','5000',NULL),('싱싱회천국','멍게','10000',NULL),('싱싱회천국','반반튀김','10000',NULL),('싱싱회천국','방어','30000',NULL),('싱싱회천국','산낙지','18000',NULL),('싱싱회천국','삼식이탕','18000',NULL),('싱싱회천국','새우튀김','9000',NULL),('싱싱회천국','생우럭탕','16000',NULL),('싱싱회천국','소라','15000',NULL),('싱싱회천국','숭어(소)','15000',NULL),('싱싱회천국','숭어(중)','26000',NULL),('싱싱회천국','숭어+도다리','28000',NULL),('싱싱회천국','알탕','12000',NULL),('싱싱회천국','연어(대)','35000',NULL),('싱싱회천국','연어(소)','15000',NULL),('싱싱회천국','연어(중)','25000',NULL),('싱싱회천국','오징어튀김','8000',NULL),('싱싱회천국','우럭(대)','38000',NULL),('싱싱회천국','우럭+도다리','28000',NULL),('싱싱회천국','우럭+숭어','26000',NULL),('싱싱회천국','우럭+연어','28000',NULL),('싱싱회천국','우럭+줄돔','30000',NULL),('싱싱회천국','줄돔(대)','50000',NULL),('싱싱회천국','줄돔(중)','35000',NULL),('싱싱회천국','해삼','15000',NULL),('쌈마을촌밥','고추장불고기(11~15)','7000',NULL),('쌈마을촌밥','대패삼겹(170g)','9000',NULL),('쌈마을촌밥','생삼겹(170g)','12000',NULL),('쌈마을촌밥','야채된장비빔밥(11~15)','7000',NULL),('쌈마을촌밥','우삼겹(170g)','10000',NULL),('쌈마을촌밥','차돌박이(170g)','12000',NULL),('아토','간장새우초밥','18000',NULL),('아토','돈까스+치킨가라아\n게+새우튀김+초밥','12000',NULL),('아토','모듬초밥','17000',NULL),('아토','모듬회(대)','50000',NULL),('아토','모듬회(중)','35000',NULL),('아토','모듬회(특대)','65000',NULL),('아토','모듬회(혼술용)','18000',NULL),('아토','민물장어초밥','18000',NULL),('아토','새우깡','7000',NULL),('아토','생새우초밥','13000',NULL),('아토','아토특모듬초밥','25000',NULL),('아토','연어덮밥','17000',NULL),('아토','연어덮밥L','22000',NULL),('아토','연어초밥','18000',NULL),('아토','연어회(대)','50000',NULL),('아토','연어회(중)','35000',NULL),('아토','연어회(특대)','65000',NULL),('아토','연어회(혼술용)','18000',NULL),('아토','오꼬노미야끼','15000',NULL),('아토','오꼬노미야끼\n(고기, 치즈토핑추가)','17000',NULL),('아토','와규스테이크초밥','18000',NULL),('아토','왕새우튀김','12000',NULL),('아토','쯔라시덮밥','12000',NULL),('아토','쯔라시덮밥L','15000',NULL),('아토','참치초밥','16000',NULL),('아토','참치회(대)','48000',NULL),('아토','참치회(중)','33000',NULL),('아토','참치회(특대)','62000',NULL),('아토','참치회(혼술용)','17000',NULL),('아토','초새우초밥','12000',NULL),('아토','치즈돈까스+초밥','12000',NULL),('아토','타코와사비','8000',NULL),('아토','활어초밥','17000',NULL),('아토','활어회(대)','50000',NULL),('아토','활어회(중)','35000',NULL),('아토','활어회(특대)','65000',NULL),('아토','활어회(혼술용)','18000',NULL),('아토','황새치뱃살초밥','20000',NULL),('아토','회덮밥','9000',NULL),('아토','회덮밥+새우튀김','12000',NULL),('알랑치킨','골뱅이소면','17000',NULL),('알랑치킨','국물닭볶음탕','20000',NULL),('알랑치킨','국물떡볶이와 튀김','16000',NULL),('알랑치킨','꽁치김치찌개','15000',NULL),('알랑치킨','누드바베큐','16000',NULL),('알랑치킨','닭강정','17000',NULL),('알랑치킨','닭발후라이드','18000',NULL),('알랑치킨','돈까스와 감자튀김','13000',NULL),('알랑치킨','두부김치','15000',NULL),('알랑치킨','똥집야채볶음','13000',NULL),('알랑치킨','똥집튀김','12000',NULL),('알랑치킨','마늘간장','17000',NULL),('알랑치킨','매운양념','17000',NULL),('알랑치킨','매콤염통볶음','13000',NULL),('알랑치킨','메콤데리야끼바베큐','18000',NULL),('알랑치킨','모듬오뎅탕','16000',NULL),('알랑치킨','불고기맛바베큐','18000',NULL),('알랑치킨','소세지야채구이','15000',NULL),('알랑치킨','알랑치즈감자','12000',NULL),('알랑치킨','양념감자','10000',NULL),('알랑치킨','양념바베큐','17000',NULL),('알랑치킨','양념치킨','17000',NULL),('알랑치킨','엣날통닭','17000',NULL),('알랑치킨','치즈불닭','16000',NULL),('알랑치킨','파닭','17000',NULL),('알랑치킨','한방백숙','22000',NULL),('알랑치킨','후라이드','16000',NULL),('알촌','갈릭알밥','4700',NULL),('알촌','매콤알밥','4300',NULL),('알촌','순한알밥','4100',NULL),('알촌','짜장알밥','4700',NULL),('알촌','카레알밥','4700',NULL),('엉터리분식','고구마치즈돈까스','8000',NULL),('엉터리분식','고등어조림','7500',NULL),('엉터리분식','공기밥','1500',NULL),('엉터리분식','김치김밥','3500',NULL),('엉터리분식','김치볶음밥','7000',NULL),('엉터리분식','김치찌개','7500',NULL),('엉터리분식','내장탕','7500',NULL),('엉터리분식','돈까스','7500',NULL),('엉터리분식','돈까스김밥','4000',NULL),('엉터리분식','돈까스냉면','8500',NULL),('엉터리분식','돈까스우동정식','8500',NULL),('엉터리분식','돌솥비빔밥','7500',NULL),('엉터리분식','땡초멸치김밥','4000',NULL),('엉터리분식','떡국','6500',NULL),('엉터리분식','떡만두국','6500',NULL),('엉터리분식','떡볶이','4500',NULL),('엉터리분식','뚝배기불고기','7500',NULL),('엉터리분식','매콤돈까스','8000',NULL),('엉터리분식','모듬오뎅','5000',NULL),('엉터리분식','모듬왕김밥','4500',NULL),('엉터리분식','물냉면','7500',NULL),('엉터리분식','부대찌개','7500',NULL),('엉터리분식','비빔냉면','7500',NULL),('엉터리분식','소갈비탕','7500',NULL),('엉터리분식','순대','4500',NULL),('엉터리분식','순대국밥','7500',NULL),('엉터리분식','순두부찌개','7500',NULL),('엉터리분식','야채김밥','3000',NULL),('엉터리분식','얼큰해물짬뽕수제비','7500',NULL),('엉터리분식','오므라이스','7500',NULL),('엉터리분식','오징어덮밥','7500',NULL),('엉터리분식','우거지갈비탕','7500',NULL),('엉터리분식','육개장','7500',NULL),('엉터리분식','제육김치볶음','7500',NULL),('엉터리분식','제육덮밥','7500',NULL),('엉터리분식','짜장덮밥','7000',NULL),('엉터리분식','쫄면','7500',NULL),('엉터리분식','찐만두','4500',NULL),('엉터리분식','참치김밥','4000',NULL),('엉터리분식','참치찌개','7500',NULL),('엉터리분식','청국장','7500',NULL),('엉터리분식','치즈김밥','4000',NULL),('엉터리분식','치즈돈까스','8000',NULL),('엉터리분식','치즈라볶이','6500',NULL),('엉터리분식','치즈쌀떡볶이','6500',NULL),('엉터리분식','치즈쌀라볶이','6500',NULL),('엉터리분식','카레덮밥','7000',NULL),('엉터리분식','콩국수','7500',NULL),('엉터리분식','튀김','4500',NULL),('엉터리분식','해물된장찌개','7500',NULL),('엉터리분식','해물떡볶이','6500',NULL),('연식당','갈비탕','11000',NULL),('연식당','국물 삼겹살 수육','24000',NULL),('연식당','냉면 세트[냉면+미니돈까스]','11000',NULL),('연식당','돈까스','8000',NULL),('연식당','살코기 우거지탕','8000',NULL),('연식당','삼겹살 수육','11000',NULL),('연식당','함흥 물냉면','8000',NULL),('연식당','함흥 비빔냉면','8000',NULL),('연식당','함흥 회냉면','9000',NULL),('연식당','해물순두부','8000',NULL),('옛날통닭부뚜막치킨','매콤 양념 통닭','11000',NULL),('옛날통닭부뚜막치킨','블래스트 고추 치킨','18000',NULL),('옛날통닭부뚜막치킨','어묵탕','13000',NULL),('옛날통닭부뚜막치킨','옛날통닭','10000',NULL),('옛날통닭부뚜막치킨','치즈 퐁당 닭치킨','18000',NULL),('우짜돈','구고마짜장면','8000',NULL),('우짜돈','군만두','3000',NULL),('우짜돈','돈까스','8000',NULL),('우짜돈','비빔우동','7500',NULL),('우짜돈','육미짜장면','7000',NULL),('우짜돈','즉석우동','6000',NULL),('우짜돈','짜장밥','7500',NULL),('원조대구허가네막창','갈매기살[150g]','14000',NULL),('원조대구허가네막창','누룽지탕','3000',NULL),('원조대구허가네막창','돼지막창[150g]','14000',NULL),('원조대구허가네막창','소막창[200g]','20000',NULL),('원조대구허가네막창','잔치국수','3000',NULL),('윤가네갈비이야기','갈비양지 곰탕','9000',NULL),('윤가네갈비이야기','곱창 된장찌개','7000',NULL),('윤가네갈비이야기','돼지갈비 전골','13000',NULL),('윤가네갈비이야기','차돌 된장찌개','8000',NULL),('응암역소문난순대국','감자탕 (대)','35000',NULL),('응암역소문난순대국','감자탕(소)','25000',NULL),('응암역소문난순대국','내장순대국','8000',NULL),('응암역소문난순대국','돼지한마리(대)','45000',NULL),('응암역소문난순대국','돼지한마리(소)','35000',NULL),('응암역소문난순대국','모듬순대','10000',NULL),('응암역소문난순대국','백 순대 곱창볶음','10000',NULL),('응암역소문난순대국','불돼지껍데기 볶음','13000',NULL),('응암역소문난순대국','뼈우거지','7500',NULL),('응암역소문난순대국','뼈우거지 정식','10500',NULL),('응암역소문난순대국','뼈우거지(특)','9500',NULL),('응암역소문난순대국','살로만순대국','10000',NULL),('응암역소문난순대국','수육(대])','25000',NULL),('응암역소문난순대국','수육(소)','20000',NULL),('응암역소문난순대국','순대국','7000',NULL),('응암역소문난순대국','순대국 정식','10000',NULL),('응암역소문난순대국','순대국(특)','9000',NULL),('응암역소문난순대국','술국','12000',NULL),('응암역소문난순대국','양념 순대 곱창볶음','10000',NULL),('응암역소문난순대국','얼큰순대국','8000',NULL),('응암역소문난순대국','오소리 야채볶음','12000',NULL),('응암역소문난순대국','오소리감투 수육','12000',NULL),('응암역소문난순대국','오소리순대국','9000',NULL),('응암역소문난순대국','전골(대)','30000',NULL),('응암역소문난순대국','전골(소)','20000',NULL),('응암역소문난순대국','편육','8000',NULL),('이가네명동찌개마을','닭도리탕 ','18000',NULL),('이가네명동찌개마을','대패삼겹 200g ','9900',NULL),('이가네명동찌개마을','동태+내장탕','18000',NULL),('이가네명동찌개마을','생삽겹살 200g ','9900',NULL),('이가네명동찌개마을','알탕 ','18000',NULL),('이가네명동찌개마을','우삼겹 200g ','9000',NULL),('이가네명동찌개마을','통돼지고기김치찌개','14000',NULL),('일공공샤브','메밀 왕만두','6000',NULL),('일공공샤브','물 막국수','8000',NULL),('일공공샤브','물 막국수 & 숯불 돼지고기','12000',NULL),('일공공샤브','비빔 막국수','8000',NULL),('일공공샤브','비빔 막국수 & 숯불 돼지고기','12000',NULL),('일공공샤브','숯불 돼지 덮밥','10000',NULL),('일공공샤브','편백찜 & 비빔밥','14000',NULL),('일공공샤브','한우1+ & 비빔밥','18000',NULL),('장박사참숯꼼장어','계란찜','3000',NULL),('장박사참숯꼼장어','꼬치구이(5꼬치)','5000',NULL),('장박사참숯꼼장어','꼼장어(200g)','12000',NULL),('장박사참숯꼼장어','돼지껍데기(200g)','8000',NULL),('장박사참숯꼼장어','무뼈닭발(200g)','10000',NULL),('장박사참숯꼼장어','소갈비살(150g)','12000',NULL),('장박사참숯꼼장어','수제 소시지(160g)','7000',NULL),('장박사참숯꼼장어','알주먹밥','3000',NULL),('장박사참숯꼼장어','왕꼼장어(200g)','13000',NULL),('장박사참숯꼼장어','주먹밥','2000',NULL),('전주식당','갈비탕','8000',NULL),('전주식당','김치찌개','6000',NULL),('전주식당','냉면','6000',NULL),('전주식당','닭볶음탕','30000',NULL),('전주식당','돌솥비빔밥','7000',NULL),('전주식당','된장찌개','6000',NULL),('전주식당','뚝배기불고기','7000',NULL),('전주식당','뼈해장국','7000',NULL),('전주식당','삼계탕','10000',NULL),('전주식당','소내장탕','8000',NULL),('전주식당','순두부찌개','6000',NULL),('전주식당','오징어볶음','7000',NULL),('전주식당','육개장','7000',NULL),('전주식당','전주콩나물해장국','6000',NULL),('전주식당','제육덮밥','7000',NULL),('전주식당','제육볶음','6000',NULL),('전주식당','제육치즈돌솥','7000',NULL),('전주식당','참치찌개','6000',NULL),('전주식당','청국장','6000',NULL),('제주생삼겹살부대찌개','곤이알탕','7000',NULL),('제주생삼겹살부대찌개','김치찌개','6000',NULL),('제주생삼겹살부대찌개','냉면','4000',NULL),('제주생삼겹살부대찌개','누룽지','3000',NULL),('제주생삼겹살부대찌개','닭볶음탕','25000',NULL),('제주생삼겹살부대찌개','된장찌개','6000',NULL),('제주생삼겹살부대찌개','뚝불고기','8000',NULL),('제주생삼겹살부대찌개','부대찌개','7000',NULL),('제주생삼겹살부대찌개','삼합(대)','40000',NULL),('제주생삼겹살부대찌개','삼합(중)','30000',NULL),('제주생삼겹살부대찌개','생선구이','7000',NULL),('제주생삼겹살부대찌개','순두부','6000',NULL),('제주생삼겹살부대찌개','오징어 볶음','7000',NULL),('제주생삼겹살부대찌개','육개장','6000',NULL),('제주생삼겹살부대찌개','일반 생삼겹[150g]','12000',NULL),('제주생삼겹살부대찌개','제육볶음','8000',NULL),('제주생삼겹살부대찌개','제주 생삼겹[150g]','14000',NULL),('제주생삼겹살부대찌개','청국장','6000',NULL),('제주생삼겹살부대찌개','콩비지','6000',NULL),('제주생삼겹살부대찌개','홍어찜(대)','40000',NULL),('제주생삼겹살부대찌개','홍어찜(소)','20000',NULL),('제주생삼겹살부대찌개','홍어찜(중)','30000',NULL),('제주생삼겹살부대찌개','홍탕','35000',NULL),('종로할머니칼국수 성남복정점','들꺠칼국수','8000',NULL),('종로할머니칼국수 성남복정점','떡만두국','7600',NULL),('종로할머니칼국수 성남복정점','만두전골','9000',NULL),('종로할머니칼국수 성남복정점','물냉면','7000',NULL),('종로할머니칼국수 성남복정점','물막국수','8000',NULL),('종로할머니칼국수 성남복정점','비빔냉면','7000',NULL),('종로할머니칼국수 성남복정점','비빔막국수','8000',NULL),('종로할머니칼국수 성남복정점','제육비빔밥','7500',NULL),('종로할머니칼국수 성남복정점','제육쌈밥','8500',NULL),('종로할머니칼국수 성남복정점','칼국수','7000',NULL),('종로할머니칼국수 성남복정점','콩국수','7500',NULL),('중림','기스면','7000',NULL),('중림','낙지짬뽕','10000',NULL),('중림','달인우동','8000',NULL),('중림','달인짬뽕','8000',NULL),('중림','매운달인짬뽕','9000',NULL),('중림','복분자 탕수육(소)','25000',NULL),('중림','복분자 탕수육(중)','32000',NULL),('중림','사천자장면','8000',NULL),('중림','삼선자장면','7000',NULL),('중림','새우바게트','13000',NULL),('중림','옛날자장면','6000',NULL),('중림','통문어짬뽕','14000',NULL),('중림','팔보쟁반자장','18000',NULL),('중림','하얀짬뽕','8000',NULL),('중림','항아리낙지짬뽕','20000',NULL),('중림','해물볶음짬뽕','9000',NULL),('중림','흑후추 해물볶음면','10000',NULL),('진명족발손칼국수','매운칼국수','8000',NULL),('진명족발손칼국수','반족발','23000',NULL),('진명족발손칼국수','족발','38000',NULL),('진명족발손칼국수','칼국수','7000',NULL),('찌마기','가리비찜(대)','79000',NULL),('찌마기','가리비찜(소)','39000',NULL),('찌마기','가리비찜(중)','59000',NULL),('찌마기','가리비회','20000',NULL),('찌마기','꼬막','10000',NULL),('찌마기','멍게','10000',NULL),('찌마기','산낙지 물회 - 여름 메뉴','20000',NULL),('찌마기','산낙지회','10000',NULL),('찌마기','생새우/구이 - 가을 메뉴','20000',NULL),('찌마기','생석화 - 겨울 메뉴','10000',NULL),('찌마기','석화찜(대) - 겨울메뉴','59000',NULL),('찌마기','석화찜(소) - 겨울메뉴','39000',NULL),('찌마기','석화찜(중) - 겨울메뉴','49000',NULL),('찌마기','연포라면','10000',NULL),('찌마기','오뎅탕','15000',NULL),('찌마기','전복회','20000',NULL),('찌마기','조개찜(대)','79000',NULL),('찌마기','조개찜(소)','39000',NULL),('찌마기','조개찜(중)','59000',NULL),('찌마기','찌마기 물회 - 여름 메뉴','30000',NULL),('찌마기','해삼','20000',NULL),('찌마기','해장라면','5000',NULL),('찌마기','홍합탕 - 겨울 메뉴','5000',NULL),('착한정육점식당','갈비탕','10000',NULL),('착한정육점식당','김치찌개','7000',NULL),('착한정육점식당','꽃등심[200g]','39000',NULL),('착한정육점식당','돼지양념갈비[280g]','16000',NULL),('착한정육점식당','목살[200g]','13000',NULL),('착한정육점식당','물냉면','6000',NULL),('착한정육점식당','비빔냉면','6000',NULL),('착한정육점식당','삼겹살[200g]','13000',NULL),('착한정육점식당','얼큰이우거지탕','7000',NULL),('착한정육점식당','차돌된장찌개','7000',NULL),('착한정육점식당','한우갈비살[200g]','37500',NULL),('착한정육점식당','한우꽃갈비살[200g]','45000',NULL),('착한정육점식당','한우등심[200g]','36000',NULL),('착한정육점식당','한우살치살[200g]','43000',NULL),('착한정육점식당','한우육회[150g]','20000',NULL),('착한정육점식당','한우육회비빔밥','10000',NULL),('착한정육점식당','한우차돌박이[200g]','30000',NULL),('착한정육점식당','항정살[200g]','18000',NULL),('참새방앗간','떡라면','4000',NULL),('참새방앗간','떡볶이','3500',NULL),('참새방앗간','라면','3500',NULL),('참새방앗간','순대','3500',NULL),('참새방앗간','유부우동','4500',NULL),('참새방앗간','치즈라면','4000',NULL),('참새방앗간','튀김 ','3500',NULL),('참새방앗간','해물라면','5500',NULL),('참진해물짜장짬뽕','간짜장','6000',NULL),('참진해물짜장짬뽕','고추잡채','23000',NULL),('참진해물짜장짬뽕','군만두','4000',NULL),('참진해물짜장짬뽕','깐쇼새우','23000',NULL),('참진해물짜장짬뽕','깐풍기','23000',NULL),('참진해물짜장짬뽕','깐풍새우','23000',NULL),('참진해물짜장짬뽕','등심양념탕수육(대)','22000',NULL),('참진해물짜장짬뽕','등심양념탕수육(소)','13000',NULL),('참진해물짜장짬뽕','등심양념탕수육(중)','18000',NULL),('참진해물짜장짬뽕','등심탕수육(대)','21000',NULL),('참진해물짜장짬뽕','등심탕수육(소)','12000',NULL),('참진해물짜장짬뽕','등심탕수육(중)','17000',NULL),('참진해물짜장짬뽕','라조기','23000',NULL),('참진해물짜장짬뽕','매운해물짜장','7000',NULL),('참진해물짜장짬뽕','물만두','4000',NULL),('참진해물짜장짬뽕','볶음밥','6500',NULL),('참진해물짜장짬뽕','볶짜면','7000',NULL),('참진해물짜장짬뽕','볶짬면','7000',NULL),('참진해물짜장짬뽕','새우볶음밥','7500',NULL),('참진해물짜장짬뽕','양장피','23000',NULL),('참진해물짜장짬뽕','잡채밥','7000',NULL),('참진해물짜장짬뽕','전골조개짬뽕탕','30000',NULL),('참진해물짜장짬뽕','진짜매운짬뽕','8000',NULL),('참진해물짜장짬뽕','짜장면','5000',NULL),('참진해물짜장짬뽕','짜장밥','6500',NULL),('참진해물짜장짬뽕','짬뽕','6000',NULL),('참진해물짜장짬뽕','짬뽕밥','6500',NULL),('참진해물짜장짬뽕','짬짜면','6500',NULL),('참진해물짜장짬뽕','차돌조개짬뽕','8000',NULL),('참진해물짜장짬뽕','차돌조개짬뽕밥','8500',NULL),('참진해물짜장짬뽕','탕볶밥','8000',NULL),('참진해물짜장짬뽕','탕짜면','8000',NULL),('참진해물짜장짬뽕','탕짬면','8000',NULL),('참진해물짜장짬뽕','해물조개우동','8000',NULL),('참진해물짜장짬뽕','해물조개우동밥','8500',NULL),('참진해물짜장짬뽕','해물조개짬뽕','8000',NULL),('참진해물짜장짬뽕','해물조개짬뽕밥','8500',NULL),('참진해물짜장짬뽕','해물짜장','6500',NULL),('철뚝집','계란찜','2000',NULL),('철뚝집','나주곰탕 - 점심메뉴','8000',NULL),('철뚝집','된장찌개','2000',NULL),('철뚝집','물 막국수','6000',NULL),('철뚝집','볶음밥','2000',NULL),('철뚝집','비빔 막국수','6000',NULL),('철뚝집','육개장 - 점심메뉴','8000',NULL),('철뚝집','철뚝간장삼겹살[180g]','9500',NULL),('철뚝집','철뚝삼겹살[180g]','9000',NULL),('철뚝집','철뚝생삼겹[180g]','13000',NULL),('철뚝집','철뚝우겹살[180g]','9500',NULL),('철뚝집','철뚝제육정식 - 점심메뉴','8000',NULL),('친친','공기밥','1000',NULL),('친친','김치찌개','6000',NULL),('친친','된장찌개','3000',NULL),('친친','칠레삼겹(170g)','10000',NULL),('친친','한돈갈비(200g)','12000',NULL),('친친','한돈목살(170g)','12000',NULL),('친친','한돈삼겹(170g)','13000',NULL),('카츠선','등심카츠','10000',NULL),('카츠선','상등심','13000',NULL),('카츠선','새우카츠','3000',NULL),('카츠선','안심카츠','11000',NULL),('카츠선','오징어카츠','3000',NULL),('카츠선','치즈카츠','3000',NULL),('포크포크','돈냉면','7000',NULL),('포크포크','매콤돈가스','8000',NULL),('포크포크','불 물냉면','6000',NULL),('포크포크','불 비빔냉면','6000',NULL),('포크포크','칡 물냉면','5500',NULL),('포트리스쌀국수','갈비 쌀국수','9900',NULL),('포트리스쌀국수','매운 불고기 쌀국수','9900',NULL),('포트리스쌀국수','반세오','9500',NULL),('포트리스쌀국수','분짜','9500',NULL),('포트리스쌀국수','분짜/반세오 세트','13900',NULL),('포트리스쌀국수','불고기 쌀국수','9500',NULL),('포트리스쌀국수','소고기 쌀국수','6900',NULL),('포트리스쌀국수','월남쌈','6900',NULL),('포트리스쌀국수','파인애플 볶음밥','7500',NULL),('포트리스쌀국수','해물볶음면','7500',NULL),('포트리스쌀국수','해물볶음밥','7500',NULL),('포트리스쌀국수','辛 갈비짬뽕 쌀국수','10900',NULL),('포트리스쌀국수','辛 매운소고기 쌀국수','7500',NULL),('포트리스쌀국수','辛 매운짬뽕 쌀국수','7900',NULL),('피자스쿨','고구마피자','9000',NULL),('피자스쿨','고르곤졸라피자','11000',NULL),('피자스쿨','까르보네피자','11000',NULL),('피자스쿨','깐쇼새우피자','12000',NULL),('피자스쿨','나폴리피자','10000',NULL),('피자스쿨','닭안심살피자','13000',NULL),('피자스쿨','더블갈릭바베큐피자','11000',NULL),('피자스쿨','도이치바이트피자','13000',NULL),('피자스쿨','멕시칸바이트피자','13000',NULL),('피자스쿨','미트러버피자','14000',NULL),('피자스쿨','불고기피자','9000',NULL),('피자스쿨','비프퀘사디아피자','13000',NULL),('피자스쿨','스테이크피자','11000',NULL),('피자스쿨','아이리쉬포테이포피자','11000',NULL),('피자스쿨','야채퀘사디아피자','13000',NULL),('피자스쿨','직화파인애플피자','12000',NULL),('피자스쿨','직화홀릭바이트피자','13000',NULL),('피자스쿨','치즈퀘사디아피자','13000',NULL),('피자스쿨','치즈피자','7000',NULL),('피자스쿨','콤비네이션피자','9000',NULL),('피자스쿨','트러플포테이토피자','11000',NULL),('피자스쿨','페퍼로니피자','8000',NULL),('피자스쿨','포테이토피자','9000',NULL),('피자스쿨','핫치킨피자','9000',NULL),('피자스쿨','허니비프피자','13000',NULL),('한솥도시락 성남복정동점','3종치즈 김치볶음밥','4800',NULL),('한솥도시락 성남복정동점','개나리','8000',NULL),('한솥도시락 성남복정동점','김치 부대찌개','5800',NULL),('한솥도시락 성남복정동점','김치볶음밥','3900',NULL),('한솥도시락 성남복정동점','돈까스 덮밥','3800',NULL),('한솥도시락 성남복정동점','돈까스 카레','4200',NULL),('한솥도시락 성남복정동점','돈까스도련님 ','4200',NULL),('한솥도시락 성남복정동점','돈까스도련님고기고기','5800',NULL),('한솥도시락 성남복정동점','돈치 고기고기','5400',NULL),('한솥도시락 성남복정동점','돈치마요','3600',NULL),('한솥도시락 성남복정동점','돈치스팸 김치 부대찌개정식','8500',NULL),('한솥도시락 성남복정동점','돈치스팸 김치찌개정식','8200',NULL),('한솥도시락 성남복정동점','돈치스팸도시락','4700',NULL),('한솥도시락 성남복정동점','동백','5500',NULL),('한솥도시락 성남복정동점','마파두부 덮밥','5000',NULL),('한솥도시락 성남복정동점','매화','10000',NULL),('한솥도시락 성남복정동점','메가스팸마요','5600',NULL),('한솥도시락 성남복정동점','메가치킨마요','5500',NULL),('한솥도시락 성남복정동점','메가치킨제육','7000',NULL),('한솥도시락 성남복정동점','묵은지 김치찌개','4500',NULL),('한솥도시락 성남복정동점','반찬 김치 부대찌개','4500',NULL),('한솥도시락 성남복정동점','빅치킨마요','3800',NULL),('한솥도시락 성남복정동점','빅치킨마요 김치부대찌개정식','7400',NULL),('한솥도시락 성남복정동점','빅치킨마요 김치찌개정식','7000',NULL),('한솥도시락 성남복정동점','새우돈까스 덮밥','3900',NULL),('한솥도시락 성남복정동점','새치 고기고기','6200',NULL),('한솥도시락 성남복정동점','소불고기','5000',NULL),('한솥도시락 성남복정동점','소불고기 감초고추장 비빔밥','5000',NULL),('한솥도시락 성남복정동점','소불고기 철판볶음밥','4500',NULL),('한솥도시락 성남복정동점','숯불직화구이','6500',NULL),('한솥도시락 성남복정동점','숯불직화구이 덮밥','5900',NULL),('한솥도시락 성남복정동점','스팸 김치볶음밥','4700',NULL),('한솥도시락 성남복정동점','스팸마요','3600',NULL),('한솥도시락 성남복정동점','스팸철판볶음밥','4500',NULL),('한솥도시락 성남복정동점','시골제육 두부강된장 비빔밥','5000',NULL),('한솥도시락 성남복정동점','왕치킨마요','4500',NULL),('한솥도시락 성남복정동점','왕카레돈까스 덮밥','5700',NULL),('한솥도시락 성남복정동점','제육 김치 부대찌개 정식','8500',NULL),('한솥도시락 성남복정동점','제육 김치찌개 정식','8200',NULL),('한솥도시락 성남복정동점','제육볶음','4100',NULL),('한솥도시락 성남복정동점','진달래','7000',NULL),('한솥도시락 성남복정동점','참치마요','3000',NULL),('한솥도시락 성남복정동점','참치야채 감초고추장','3200',NULL),('한솥도시락 성남복정동점','치즈 카레도시락','4100',NULL),('한솥도시락 성남복정동점','치킨마요','3200',NULL),('한솥도시락 성남복정동점','치킨마요 김치부대찌개정식','6800',NULL),('한솥도시락 성남복정동점','치킨마요 김치찌개정식','6400',NULL),('한솥도시락 성남복정동점','치킨제육','4500',NULL),('한솥도시락 성남복정동점','칠리찹쌀탕수육도련님','4200',NULL),('한솥도시락 성남복정동점','탕수육도련님고기고기','5800',NULL),('할매순대국','감자탕','25000',NULL),('할매순대국','냉콩국수','6000',NULL),('할매순대국','도가니탕 ','10000',NULL),('할매순대국','뚝배기불고기','7000',NULL),('할매순대국','불막창 ','16000',NULL),('할매순대국','불야채곱창','15000',NULL),('할매순대국','뼈해장국','7000',NULL),('할매순대국','삼계탕','10000',NULL),('할매순대국','소머리곰탕','7000',NULL),('할매순대국','순대국','6000',NULL),('할매순대국','순대소곱창전골 ','23000',NULL),('할매순대국','양평해장국','7000',NULL),('할매순대국','얼큰돈짜글이','7000',NULL),('할매순대국','얼큰소고기국밥','7000',NULL),('할매순대국','얼큰순대국 ','7000',NULL),('할매순대국','얼큰술국','12000',NULL),('할매순대국','영양순대국','8000',NULL),('할매순대국','왕갈비탕 ','12000',NULL),('할매순대국','우거지갈비탕 ','7000',NULL),('할매순대국','육개장','7000',NULL),('할매순대국','장터국밥 ','8000',NULL),('할매순대국','짜글이전골','20000',NULL),('할매순대국','토종순대 ','7000',NULL),('할매순대국','편육 ','7000',NULL),('할매순대국','할매순살국밥','6000',NULL),('할매순대국','해장라면','6000',NULL),('할매순대국','황태해장국 ','6000',NULL),('행복로드마라탕 동서울대점','가지볶음밥','7000',NULL),('행복로드마라탕 동서울대점','갈비땅콩볶음','15000',NULL),('행복로드마라탕 동서울대점','건두부무침','10000',NULL),('행복로드마라탕 동서울대점','경장육슬','15000',NULL),('행복로드마라탕 동서울대점','고추잡채','12000',NULL),('행복로드마라탕 동서울대점','곱창볶음','15000',NULL),('행복로드마라탕 동서울대점','공기밥','1000',NULL),('행복로드마라탕 동서울대점','깐풍가지','11000',NULL),('행복로드마라탕 동서울대점','깐풍기','15000',NULL),('행복로드마라탕 동서울대점','깐풍새우','16000',NULL),('행복로드마라탕 동서울대점','꽃빵','5000',NULL),('행복로드마라탕 동서울대점','꿔바로우 (대)','14000',NULL),('행복로드마라탕 동서울대점','꿔바로우 (소)','10000',NULL),('행복로드마라탕 동서울대점','동파육','17000',NULL),('행복로드마라탕 동서울대점','된장가지볶음','14000',NULL),('행복로드마라탕 동서울대점','마라대하','23000',NULL),('행복로드마라탕 동서울대점','마라룽샤','32000',NULL),('행복로드마라탕 동서울대점','마라룽샤웨이','23000',NULL),('행복로드마라탕 동서울대점','마라샹궈 100g','3000',NULL),('행복로드마라탕 동서울대점','마라탕 100g','1500',NULL),('행복로드마라탕 동서울대점','마파두부','9000',NULL),('행복로드마라탕 동서울대점','물만두','6000',NULL),('행복로드마라탕 동서울대점','미니전','2000',NULL),('행복로드마라탕 동서울대점','백김치볶음','12000',NULL),('행복로드마라탕 동서울대점','볶음면','7000',NULL),('행복로드마라탕 동서울대점','볶음밥','6000',NULL),('행복로드마라탕 동서울대점','소패필볶음','15000',NULL),('행복로드마라탕 동서울대점','쇼룽뽀우','6000',NULL),('행복로드마라탕 동서울대점','수주육편','18000',NULL),('행복로드마라탕 동서울대점','숙갓볶음','12000',NULL),('행복로드마라탕 동서울대점','어향육슬','14000',NULL),('행복로드마라탕 동서울대점','육단가지','15000',NULL),('행복로드마라탕 동서울대점','육슬양장피','15000',NULL),('행복로드마라탕 동서울대점','쯔란소고기','15000',NULL),('행복로드마라탕 동서울대점','쯔란심관','15000',NULL),('행복로드마라탕 동서울대점','쯔란양고기','15000',NULL),('행복로드마라탕 동서울대점','크림새우','15000',NULL),('행복로드마라탕 동서울대점','토마토오이볶음','12000',NULL),('행복로드마라탕 동서울대점','향라닭날개','16000',NULL),('행복로드마라탕 동서울대점','향라대하','16000',NULL),('행복로드마라탕 동서울대점','향라양갈비','18000',NULL),('행복로드마라탕 동서울대점','향라육슬','15000',NULL),('행복로드마라탕 동서울대점','홍소갈비','16000',NULL),('현짜장','간짜장','7500',NULL),('현짜장','깐쇼새우','18000',NULL),('현짜장','깐풍기','18000',NULL),('현짜장','깐풍새우','18000',NULL),('현짜장','낙지짬뽕탕','15000',NULL),('현짜장','볶음밥','6500',NULL),('현짜장','불볶음밥','6500',NULL),('현짜장','불짜장','6000',NULL),('현짜장','불짜장밥','6500',NULL),('현짜장','불짬뽕','7000',NULL),('현짜장','불짬뽕밥','7500',NULL),('현짜장','양장피','20000',NULL),('현짜장','짜장면','5000',NULL),('현짜장','짜장밥','6500',NULL),('현짜장','차돌짬뽕','9500',NULL),('현짜장','탕수육','13000',NULL),('현짜장','해물짬뽕','6500',NULL),('현짜장','해물짬뽕밥','7000',NULL),('황궁짜장','간짜장','6000',NULL),('황궁짜장','고추덮밥','8000',NULL),('황궁짜장','고추잡채','23000',NULL),('황궁짜장','깐쇼새우','25000',NULL),('황궁짜장','깐쇼새우+짜장+짬뽕','21000',NULL),('황궁짜장','깐풍기','23000',NULL),('황궁짜장','깐풍기+짜장+짬뽕','19000',NULL),('황궁짜장','깐풍육','23000',NULL),('황궁짜장','냉면','6500',NULL),('황궁짜장','만두','4500',NULL),('황궁짜장','물만두','4500',NULL),('황궁짜장','볶음밥','6500',NULL),('황궁짜장','볶음짬뽕','7500',NULL),('황궁짜장','비냉','6500',NULL),('황궁짜장','사천창면','8000',NULL),('황궁짜장','사천창수육+짜장+짬뽕','18000',NULL),('황궁짜장','사천탕수육','17000',NULL),('황궁짜장','삼선간짜장','7000',NULL),('황궁짜장','삼선볶음밥','7500',NULL),('황궁짜장','삼선우동','8000',NULL),('황궁짜장','삼선짬뽕','8000',NULL),('황궁짜장','삼선짬뽕밥','8500',NULL),('황궁짜장','새우볶음밥','7500',NULL),('황궁짜장','순두부짬뽕밥','8000',NULL),('황궁짜장','양장피','23000',NULL),('황궁짜장','우동','7000',NULL),('황궁짜장','유산슬','25000',NULL),('황궁짜장','유산슬밥','10000',NULL),('황궁짜장','잡채','13000',NULL),('황궁짜장','잡채밥','7000',NULL),('황궁짜장','잡탕밥','10000',NULL),('황궁짜장','쟁반짜장','7000',NULL),('황궁짜장','짜장면','5000',NULL),('황궁짜장','짜장밥','6500',NULL),('황궁짜장','짬뽕','7000',NULL),('황궁짜장','짬뽕밥','7500',NULL),('황궁짜장','찹쌀탕수육(대)','23000',NULL),('황궁짜장','찹쌀탕수육(소)','16000',NULL),('황궁짜장','찹쌀탕수육(중)','19000',NULL),('황궁짜장','탕수육(대)','21000',NULL),('황궁짜장','탕수육(소)','13000',NULL),('황궁짜장','탕수육(중)','16000',NULL),('황궁짜장','탕수육+짜장+짬뽕','17000',NULL),('황궁짜장','탕수육+짜장2','16000',NULL),('황궁짜장','팔보채','25000',NULL),('황제곱창','막창구이','12000',NULL),('황제곱창','순대국','8000',NULL),('황제곱창','야채곱창','12000',NULL),('황제곱창','양념구이','12000',NULL),('황제곱창','치즈곱창','13000',NULL),('회스시','(광어회(특)','30000',NULL),('회스시','광어+명태양념구이\n+매운탕(대)','35000',NULL),('회스시','광어+명태양념구이\n+매운탕(중)','24000',NULL),('회스시','광어회(대)','24000',NULL),('회스시','광어회(중)','12000',NULL),('회스시','도미','50000',NULL),('회스시','매운탕','8000',NULL),('회스시','멍게','12000',NULL),('회스시','명태양념구이','10000',NULL),('회스시','모듬초밥','10000',NULL),('회스시','모듬회(대)','24000',NULL),('회스시','모듬회(중)','12000',NULL),('회스시','모듬회(특)','30000',NULL),('회스시','모듬회+초밥\n+명태양념구이(대)','36000',NULL),('회스시','모듬회+초밥\n+명태양념구이(중)','25000',NULL),('회스시','새우장','10000',NULL),('회스시','새우초밥','8000',NULL),('회스시','새우튀김','10000',NULL),('회스시','생새우초밥','10000',NULL),('회스시','연어(대)','24000',NULL),('회스시','연어(중)','12000',NULL),('회스시','연어(특)','30000',NULL),('회스시','연어+명태양념구이\n+매운탕(대)','35000',NULL),('회스시','연어+명태양념구이\n+매운탕(중)','24000',NULL),('회스시','연어머리구이','8000',NULL),('회스시','연어초밥','10000',NULL),('회스시','우럭(대)','24000',NULL),('회스시','우럭(중)','12000',NULL),('회스시','우럭(특)','30000',NULL),('회스시','우럭탕','20000',NULL),('회스시','전복','20000',NULL),('회스시','참치(대)','24000',NULL),('회스시','참치(중)','12000',NULL),('회스시','참치(특)','30000',NULL),('회스시','참치+초밥\n+새우튀김(대)','37000',NULL),('회스시','참치+초밥\n+새우튀김(중)','26000',NULL),('회스시','해물모듬','20000',NULL),('회스시','활어초밥','12000',NULL),('회스시','회덮밥','8000',NULL);
/*!40000 ALTER TABLE `menu` ENABLE KEYS */;
UNLOCK TABLES;

--
-- Table structure for table `rec`
--

DROP TABLE IF EXISTS `rec`;
/*!40101 SET @saved_cs_client     = @@character_set_client */;
/*!50503 SET character_set_client = utf8mb4 */;
CREATE TABLE `rec` (
  `restaurant` varchar(50) NOT NULL,
  `menu` varchar(50) NOT NULL,
  `id` varchar(20) NOT NULL,
  `recommend` varchar(50) DEFAULT NULL,
  `date` varchar(20) DEFAULT NULL,
  PRIMARY KEY (`restaurant`,`menu`,`id`),
  CONSTRAINT `FK_rec_menu` FOREIGN KEY (`restaurant`, `menu`) REFERENCES `menu` (`restaurant`, `menu`) ON DELETE CASCADE ON UPDATE CASCADE
) ENGINE=InnoDB DEFAULT CHARSET=utf8mb4 COLLATE=utf8mb4_0900_ai_ci;
/*!40101 SET character_set_client = @saved_cs_client */;

--
-- Dumping data for table `rec`
--

LOCK TABLES `rec` WRITE;
/*!40000 ALTER TABLE `rec` DISABLE KEYS */;
INSERT INTO `rec` VALUES ('rest1','1','aaa','1',NULL),('rest1','1','abc','1',NULL),('rest1','1','aqw','1',NULL),('rest1','1','bbb','1','2022-05-02'),('rest1','2','aaa','1',NULL),('rest1','2','abc','1',NULL),('rest1','3','aaa','1',NULL),('rest1','3','abc','1',NULL),('rest1','3','aqw','1',NULL),('rest1','3','asd','1',NULL),('rest1','3','bbb','1','2022-05-02'),('rest1','3','ccc','1','2022-05-02'),('rest1','3','ddd','1','2022-05-02'),('rest1','3','wer','1',NULL),('rest1','4','aaa','1',NULL),('rest1','5','aaa','1',NULL),('rest1','5','ccc','1','2022-05-02'),('rest1','5','wer','1',NULL),('rest1','6','ddd','1','2022-05-02'),('rest1','6','wer','1','2022-05-02');
/*!40000 ALTER TABLE `rec` ENABLE KEYS */;
UNLOCK TABLES;

--
-- Table structure for table `reply`
--

DROP TABLE IF EXISTS `reply`;
/*!40101 SET @saved_cs_client     = @@character_set_client */;
/*!50503 SET character_set_client = utf8mb4 */;
CREATE TABLE `reply` (
  `re_num` int NOT NULL AUTO_INCREMENT,
  `id` varchar(20) DEFAULT NULL,
  `reply` varchar(50) DEFAULT NULL,
  `num` int DEFAULT NULL,
  `date` varchar(20) DEFAULT NULL,
  `time` varchar(20) DEFAULT NULL,
  PRIMARY KEY (`re_num`),
  KEY `FK_reply_board` (`num`),
  CONSTRAINT `FK_reply_board` FOREIGN KEY (`num`) REFERENCES `board` (`num`) ON DELETE CASCADE ON UPDATE CASCADE
) ENGINE=InnoDB AUTO_INCREMENT=8 DEFAULT CHARSET=utf8mb4 COLLATE=utf8mb4_0900_ai_ci;
/*!40101 SET character_set_client = @saved_cs_client */;

--
-- Dumping data for table `reply`
--

LOCK TABLES `reply` WRITE;
/*!40000 ALTER TABLE `reply` DISABLE KEYS */;
INSERT INTO `reply` VALUES (1,'bbb','asd',15,'2022-05-15','20:08:20'),(2,'bbb','qaa',15,'2022-05-15','20:10:13'),(3,'bbb','sss',13,'2022-05-15','21:36:05'),(7,'aaa','qww',16,'2022-05-16','18:44:37');
/*!40000 ALTER TABLE `reply` ENABLE KEYS */;
UNLOCK TABLES;

--
-- Table structure for table `reply_1`
--

DROP TABLE IF EXISTS `reply_1`;
/*!40101 SET @saved_cs_client     = @@character_set_client */;
/*!50503 SET character_set_client = utf8mb4 */;
CREATE TABLE `reply_1` (
  `re_num` int NOT NULL AUTO_INCREMENT,
  `re_id` varchar(20) DEFAULT NULL,
  `reply` varchar(50) DEFAULT NULL,
  `bo_num` int DEFAULT NULL,
  `re_date` varchar(20) DEFAULT NULL,
  `re_time` varchar(20) DEFAULT NULL,
  PRIMARY KEY (`re_num`),
  KEY `FK_reply_1_board_1` (`bo_num`),
  CONSTRAINT `FK_reply_1_board_1` FOREIGN KEY (`bo_num`) REFERENCES `board_1` (`num`) ON DELETE CASCADE ON UPDATE CASCADE
) ENGINE=InnoDB AUTO_INCREMENT=4 DEFAULT CHARSET=utf8mb4 COLLATE=utf8mb4_0900_ai_ci;
/*!40101 SET character_set_client = @saved_cs_client */;

--
-- Dumping data for table `reply_1`
--

LOCK TABLES `reply_1` WRITE;
/*!40000 ALTER TABLE `reply_1` DISABLE KEYS */;
INSERT INTO `reply_1` VALUES (1,'bbb','fggh',5,'2022-05-15','22:27:36'),(2,'bbb','jtktk',5,'2022-05-15','22:27:43'),(3,'bbb','aa',5,'2022-05-15','22:27:54');
/*!40000 ALTER TABLE `reply_1` ENABLE KEYS */;
UNLOCK TABLES;

--
-- Table structure for table `restaurant`
--

DROP TABLE IF EXISTS `restaurant`;
/*!40101 SET @saved_cs_client     = @@character_set_client */;
/*!50503 SET character_set_client = utf8mb4 */;
CREATE TABLE `restaurant` (
  `restaurant` varchar(50) NOT NULL,
  `category` varchar(50) DEFAULT NULL,
  `businesshours` varchar(50) DEFAULT NULL,
  PRIMARY KEY (`restaurant`)
) ENGINE=InnoDB DEFAULT CHARSET=utf8mb4 COLLATE=utf8mb4_0900_ai_ci;
/*!40101 SET character_set_client = @saved_cs_client */;

--
-- Dumping data for table `restaurant`
--

LOCK TABLES `restaurant` WRITE;
/*!40000 ALTER TABLE `restaurant` DISABLE KEYS */;
INSERT INTO `restaurant` VALUES ('257의정부 부대찌개','한식',NULL),('bhc',NULL,'매일 12:00 - 24:00 '),('rest1',NULL,NULL),('via 246','스파케티, 파스타전문','화-일 11:30 - 21:00'),('가츠야','일식','월-금 11:00 - 20:00'),('감초식당','한식','월-금 10:00 - 22:30 / 일 10:00 - 22:30'),('겐코','일식','월-목, 토, 11:00-21:00 / 금, 일, 11:00-20:30'),('국수미가','국수','매일 11:00 - 20:00'),('귀한족발','한식','매일 15:00 - 23:30'),('글고만식당','한식','매일, 15:00-22:00'),('금성반점','중식','월-토, 12:00-23:00'),('노브랜드버거','패스트푸드','매일 10:00 - 22:00'),('도모다찌','주점','매일, 18:00-02:00'),('돈돈이네','한식','매일, 10:00-00:00'),('등촌샤브칼국수','한식','매일 10:00 - 23:00'),('마라킹마라탕','중식당','월-토 10:30 - 21:30'),('만나고쪽갈비','한식','매일 16:00 - 01:00'),('맘스터치 동서울대점','치킨, 닭강정, 햄버거','월-금 10:00 - 22:00 / 토-일 11:00 - 21:00'),('몽둥이부리또','멕시코,남미음식       ','월-토 10:00 - 21:00 / 매주 일요일 정기휴무, 마지막주 토요일 휴무'),('민속식당','한식','매일, 10:00-21:00'),('밥은화','한식','월-금 11:00 - 21:00'),('백채김치찌개 복정점','찌개, 전골','매일 11:00 - 22:30'),('복정고을','한식','월-토 10:30 - 23:30'),('복정랍스터','바닷가재','월-금 10:00 - 22:00'),('복정식당','한식','월-일 11:00 - 21:00'),('본도시락','도시락, 컵밥','월-금, 10:00-20:00 / 토, 10:00-15:00'),('봉구통닭',NULL,'매일 15:30 - 03:00'),('북경성반점','중식당','월-일 11:00 - 22:30'),('뿅의전설','중식당','월-일 10:30 - 00:00'),('생선한마리','한식','월-토 11:00 - 21:00'),('생태한마리&생돼지김치찌개','해물, 생선요리','매일 10:00 - 22:00'),('서경꼬마김밥','한식','화-일 10:00 - 22:00'),('서정가야밀면','한식','월-금 11:30 - 17:30 / 토 11:30 - 13:30'),('소미랑','주점','매일, 16:00-02:00'),('솥뚜껑파전','한식','월-토 18:00 - 24:30'),('수국집','한식','월-금 11:00 - 24:00'),('스타동',NULL,'월-금 11:00 - 20:30'),('스파게티올리브','양식','월-토 11:30 - 20:30'),('신의한컵','도시락, 컵밥','월-금, 08:30-21:30'),('싱싱회천국','회',NULL),('쌈마을촌밥','한식','매일 11:00 - 24:00'),('아토','일식',NULL),('알랑치킨','패스트푸드','매일 11:00 - 02:00'),('알촌','퓨전음식','월-금, 09:00-21:00 / 토-일, 10:00-21:00'),('엉터리분식','분식','매일, 08:30-23:00'),('연식당','한식','월-토 11:00 - 22:00'),('옛날통닭부뚜막치킨','한식','매일 12:00 - 24:00 '),('우짜돈','중식','월-일 09:30 - 21:30'),('원조대구허가네막창','한식','월-일 16:00 - 20:30'),('윤가네갈비이야기','한식','매일 17:00 - 23:00'),('은하','이자카야','월-금 17:30 - 00:00 / 토-일 17:30 - 02:00'),('응암역소문난순대국','한식','매일 24시간'),('이가네명동찌개마을','한식','매일 10:30 - 22:00'),('일공공샤브','한식','월-일 11:00 - 22:00'),('장박사참숯꼼장어','한식','월-목 17:00 - 24:00'),('전주식당','한식','매일, 07:00-19:00'),('제주생삼겹살부대찌개','한식','월-금 11:00 - 21:15'),('종로할머니칼국수 성남복정점','칼국수, 만두',NULL),('중림','중식','매일 11:00 - 21:30'),('진명족발손칼국수','한식','월-금, 일 10:00 - 22:00'),('찌마기','한식','월-일 16:00 - 23:30'),('착한정육점식당','한식',NULL),('참새방앗간','종합분식',NULL),('참진해물짜장짬뽕','중식','월-금 10:30 - 22:30 '),('처갓집양념치킨 복정점','치킨, 닭강정','매일 14:00 - 01:00'),('철뚝집','한식','월-일 11:00 - 22:00'),('친친','한식',NULL),('카츠선','일식','월-토 11:00 ~ 20:00'),('코코후라이드치킨','치킨, 닭강정','매일 14:00 - 01:00'),('포크포크','돈가스','매일, 10:00-21:00'),('포트리스쌀국수','아시안','월-일 10:00 - 21:00'),('피자스쿨','양식',NULL),('한솥도시락 성남복정동점','도시락,컵밥','월-금 08:00 - 20:30 / 토-일 08:00 - 19:00'),('할매순대국','순대, 순대국','매일 24시간'),('행복로드마라탕 동서울대점','중식당','매일 11:00 - 22:00'),('현짜장','중식당','월-토 11:30 - 21:00 '),('황궁짜장','중식',NULL),('황제곱창','곱창','월-토, 12:00-23:00'),('회스시','회','매일, 15:00-01:00');
/*!40000 ALTER TABLE `restaurant` ENABLE KEYS */;
UNLOCK TABLES;

--
-- Table structure for table `star`
--

DROP TABLE IF EXISTS `star`;
/*!40101 SET @saved_cs_client     = @@character_set_client */;
/*!50503 SET character_set_client = utf8mb4 */;
CREATE TABLE `star` (
  `restaurant` varchar(50) NOT NULL,
  `id` varchar(20) NOT NULL,
  `star` varchar(50) DEFAULT NULL,
  PRIMARY KEY (`restaurant`,`id`),
  CONSTRAINT `FK_star_restaurant` FOREIGN KEY (`restaurant`) REFERENCES `restaurant` (`restaurant`) ON DELETE CASCADE ON UPDATE CASCADE
) ENGINE=InnoDB DEFAULT CHARSET=utf8mb4 COLLATE=utf8mb4_0900_ai_ci;
/*!40101 SET character_set_client = @saved_cs_client */;

--
-- Dumping data for table `star`
--

LOCK TABLES `star` WRITE;
/*!40000 ALTER TABLE `star` DISABLE KEYS */;
INSERT INTO `star` VALUES ('rest1','wer','2');
/*!40000 ALTER TABLE `star` ENABLE KEYS */;
UNLOCK TABLES;

--
-- Table structure for table `user`
--

DROP TABLE IF EXISTS `user`;
/*!40101 SET @saved_cs_client     = @@character_set_client */;
/*!50503 SET character_set_client = utf8mb4 */;
CREATE TABLE `user` (
  `id` varchar(20) NOT NULL,
  `password` varchar(20) DEFAULT NULL,
  `name` varchar(50) DEFAULT NULL,
  `email` varchar(30) DEFAULT NULL,
  `registday` varchar(20) DEFAULT NULL,
  PRIMARY KEY (`id`)
) ENGINE=InnoDB DEFAULT CHARSET=utf8mb3;
/*!40101 SET character_set_client = @saved_cs_client */;

--
-- Dumping data for table `user`
--

LOCK TABLES `user` WRITE;
/*!40000 ALTER TABLE `user` DISABLE KEYS */;
INSERT INTO `user` VALUES ('aaa','123','asd','@123','2022-03-27 14:17'),('abc','123','asd','qwe@asd','2022-03-27 14:56'),('aqw','123','qww','@edd','2022-03-27 14:18'),('asd','123','asd','@123','2022-03-27 14:25'),('bbb','123','bbb','bbb@bbb','2022-05-02 09:15'),('ccc','123','ccc','ccc@ccc','2022-05-02 09:17'),('ddd','123','ddd','ddd@ddd','2022-05-02 09:18'),('dfg','123','zxc','zxc@123','2022-03-27 14:26'),('eee','123','eee','eee@eee','2022-05-02 09:20'),('fff','123','fff','fff@fff','2022-05-02 09:23'),('mj1006','mj1006','유민정','ymj1006ymj@naver.com','2022-03-28 05:15'),('wer','123','ddd','@ert','2022-03-27 14:19');
/*!40000 ALTER TABLE `user` ENABLE KEYS */;
UNLOCK TABLES;
/*!40103 SET TIME_ZONE=@OLD_TIME_ZONE */;

/*!40101 SET SQL_MODE=@OLD_SQL_MODE */;
/*!40014 SET FOREIGN_KEY_CHECKS=@OLD_FOREIGN_KEY_CHECKS */;
/*!40014 SET UNIQUE_CHECKS=@OLD_UNIQUE_CHECKS */;
/*!40101 SET CHARACTER_SET_CLIENT=@OLD_CHARACTER_SET_CLIENT */;
/*!40101 SET CHARACTER_SET_RESULTS=@OLD_CHARACTER_SET_RESULTS */;
/*!40101 SET COLLATION_CONNECTION=@OLD_COLLATION_CONNECTION */;
/*!40111 SET SQL_NOTES=@OLD_SQL_NOTES */;

-- Dump completed on 2022-05-19  9:59:53
